site,cropp,time,response,SE,df,lower.CL,upper.CL,.group,year,plant,location,planting,crop,gender,height,weight,planting1,doyp,harvest,doyh,dap
clay center,corn,July,3.948442229,0.776032662,1069.625572,2.684972619,5.806463696, a ,2018,1,arlington,June ,fallow,m,38,10.2,6/1/18,152,25-Jun,176,24
macomb,corn,July,1.377524594,0.359324399,1088.673007,0.825692049,2.298161899,  b,2018,2,arlington,June ,fallow,m,30,8,6/1/18,152,25-Jun,176,24
grant,corn,July,1.221056349,0.267350041,1079.911938,0.794613951,1.87635594,  b,2018,3,arlington,June ,fallow,m,29,3.7,6/1/18,152,25-Jun,176,24
arlington,corn,July,1.1774521,0.248036908,1076.428573,0.778809089,1.78014544,  b,2018,4,arlington,June ,fallow,f,53,15.9,6/1/18,152,28-Jun,179,27
havelock,corn,July,0.733702512,0.236419738,1090.99994,0.389882847,1.380720851,  b,2018,5,arlington,June ,fallow,m,42,33.1,6/1/18,152,28-Jun,179,27
clay center,corn,June,32.40526796,6.825485102,1077.222977,21.43514001,48.9897146, a ,2018,6,arlington,June ,fallow,m,52,24.4,6/1/18,152,28-Jun,179,27
grant,corn,June,27.0864943,7.205093721,1088.959486,16.0723188,45.64855776, a ,2018,7,arlington,June ,fallow,f,51,23.5,6/1/18,152,28-Jun,179,27
macomb,corn,June,13.11495984,2.550443277,1067.92319,8.954626407,19.20819069,  b,2018,8,arlington,June ,fallow,m,23,3.5,6/1/18,152,28-Jun,179,27
arlington,corn,June,11.44198741,2.22519624,1067.551928,7.812229294,16.7582224,  b,2018,9,arlington,June ,fallow,f,56,13.5,6/1/18,152,28-Jun,179,27
havelock,corn,June,7.188385257,1.84029182,1088.072515,4.349840746,11.87925849,  b,2018,10,arlington,June ,fallow,f,89,93.3,6/1/18,152,6-Jul,187,35
clay center,fallow,July,261.7333625,50.89824904,1068.006196,178.7069707,383.3334132, a   ,2018,11,arlington,June ,fallow,f,56,55,6/1/18,152,6-Jul,187,35
grant,fallow,July,254.5421505,69.09858829,1089.358822,149.4285543,433.5965553, a   ,2018,12,arlington,June ,fallow,f,79,64.5,6/1/18,152,6-Jul,187,35
arlington,fallow,July,69.6826381,14.16251565,1072.6417,46.76579379,103.8295228,  b  ,2018,13,arlington,June ,fallow,m,81,89.4,6/1/18,152,6-Jul,187,35
macomb,fallow,July,33.70585008,6.554772202,1067.858089,23.01359153,49.36579881,   c ,2018,14,arlington,June ,fallow,f,111,246.9,6/1/18,152,16-Jul,197,45
havelock,fallow,July,2.168939732,0.644641103,1090.674732,1.210533142,3.886138593,    d,2018,15,arlington,June ,fallow,f,140,278.9,6/1/18,152,16-Jul,197,45
clay center,fallow,June,213.2926392,41.47787721,1068.055172,145.6328906,312.3865066, a   ,2018,16,arlington,June ,fallow,f,100,256.4,6/1/18,152,16-Jul,197,45
havelock,fallow,June,121.6711217,25.62786749,1077.158972,80.48135749,183.941503,  b  ,2018,17,arlington,June ,fallow,f,139,141.8,6/1/18,152,16-Jul,197,45
grant,fallow,June,70.51757744,16.85602105,1085.422547,44.11690893,112.7170704,  bc ,2018,18,arlington,June ,fallow,f,150,332.7,6/1/18,152,16-Jul,197,45
macomb,fallow,June,51.33520476,9.87964499,1066.422521,35.18944044,74.88903532,   cd,2018,19,arlington,June ,fallow,m,115,332.9,6/1/18,152,16-Jul,197,45
arlington,fallow,June,30.44283298,5.858832818,1066.422521,20.86806243,44.41073928,    d,2018,20,arlington,June ,fallow,f,92,158.6,6/1/18,152,16-Jul,197,45
grant,soybean,July,57.32690242,13.28445062,1083.777288,36.38209564,90.32942395, a   ,2018,21,arlington,June ,fallow,f,113,172.8,6/1/18,152,16-Jul,197,45
clay center,soybean,July,13.08220727,2.658505493,1073.603214,8.780284073,19.49186901,  b  ,2018,22,arlington,June ,fallow,f,119,342.1,6/1/18,152,19-Jul,200,48
arlington,soybean,July,4.286397608,0.871179623,1072.655181,2.876712149,6.386876234,   c ,2018,23,arlington,June ,fallow,f,117,215.1,6/1/18,152,24-Jul,205,53
havelock,soybean,July,1.448737034,0.466824121,1090.99994,0.769845694,2.726311274,    d,2018,24,arlington,June ,fallow,,140,832.3,6/1/18,152,31-Jul,212,60
macomb,soybean,July,1.33375237,0.313800163,1085.009983,0.840589781,2.116246741,    d,2018,1,arlington,July,corn,m,30,0.1,7/1/18,182,24-Jul,205,23
clay center,soybean,June,85.1090768,16.72843549,1069.185647,57.87355263,125.161747, a   ,2018,2,arlington,July,corn,m,20,0.1,7/1/18,182,24-Jul,205,23
grant,soybean,June,42.77257047,9.766040885,1082.889142,27.32734345,66.94733384,  b  ,2018,3,arlington,July,corn,m,23,0.2,7/1/18,182,28-Jul,209,27
arlington,soybean,June,21.97653969,4.367106981,1070.020533,14.88057606,32.45629032,   c ,2018,4,arlington,July,corn,m,75,1.8,7/1/18,182,31-Jul,212,30
havelock,soybean,June,21.48956691,4.906425257,1083.084799,13.72988134,33.63477618,   c ,2018,5,arlington,July,corn,m,29,0.7,7/1/18,182,31-Jul,212,30
macomb,soybean,June,11.5534954,2.246788022,1067.92319,7.88849042,16.92126744,    d,2018,6,arlington,July,corn,m,23,0.7,7/1/18,182,3-Aug,215,33
,,,,,,,,,2018,7,arlington,July,corn,f,39,0.7,7/1/18,182,3-Aug,215,33
,,,,,,,,,2018,8,arlington,July,corn,m,42,1.5,7/1/18,182,3-Aug,215,33
,,,,,,,,,2018,9,arlington,July,corn,m,48,1.2,7/1/18,182,3-Aug,215,33
,,,,,,,,,2018,18,arlington,July,corn,m,26,0.2,7/1/18,182,14-Aug,226,44
,,,,,,,,,2018,10,arlington,July,corn,f,41,1.2,7/1/18,182,14-Aug,226,44
,,,,,,,,,2018,11,arlington,July,corn,f,53,0.9,7/1/18,182,20-Aug,232,50
,,,,,,,,,2018,12,arlington,July,corn,m,27,0.2,7/1/18,182,20-Aug,232,50
,,,,,,,,,2018,14,arlington,July,corn,f,44,0.6,7/1/18,182,20-Aug,232,50
,,,,,,,,,2018,15,arlington,July,corn,f,47,0.8,7/1/18,182,20-Aug,232,50
,,,,,,,,,2018,16,arlington,July,corn,m,25,0.1,7/1/18,182,20-Aug,232,50
,,,,,,,,,2018,17,arlington,July,corn,m,29.5,0.1,7/1/18,182,20-Aug,232,50
,,,,,,,,,2018,13,arlington,July,corn,f,39,0.5,7/1/18,182,20-Aug,232,50
,,,,,,,,,2018,19,arlington,July,corn,m,37,0.2,7/1/18,182,27-Aug,239,57
,,,,,,,,,2018,20,arlington,July,corn,m,31,0.8,7/1/18,182,6-Sep,249,67
,,,,,,,,,2018,21,arlington,July,corn,f,28,0.2,7/1/18,182,6-Sep,249,67
,,,,,,,,,2018,22,arlington,July,corn,m,59,1.2,7/1/18,182,6-Sep,249,67
,,,,,,,,,2018,23,arlington,July,corn,m,33,0.3,7/1/18,182,31-Jul,212,30
,,,,,,,,,2018,24,arlington,July,corn,,,,,,,,
,,,,,,,,,2018,1,arlington,June ,corn,m ,100,5.6,6/1/18,152,28-Jun,179,27
,,,,,,,,,2018,2,arlington,June ,corn,m ,69,4.1,6/1/18,152,28-Jun,179,27
,,,,,,,,,2018,3,arlington,June ,corn,m ,94,3.8,6/1/18,152,6-Jul,187,35
,,,,,,,,,2018,4,arlington,June ,corn,m ,122,5.1,6/1/18,152,6-Jul,187,35
,,,,,,,,,2018,5,arlington,June ,corn,m ,107,7.6,6/1/18,152,6-Jul,187,35
,,,,,,,,,2018,6,arlington,June ,corn,m ,152,17.8,6/1/18,152,6-Jul,187,35
,,,,,,,,,2018,7,arlington,June ,corn,m ,165,21.1,6/1/18,152,6-Jul,187,35
,,,,,,,,,2018,8,arlington,June ,corn,m ,142,15.4,6/1/18,152,6-Jul,187,35
,,,,,,,,,2018,9,arlington,June ,corn,m ,82,37.8,6/1/18,152,16-Jul,197,45
,,,,,,,,,2018,10,arlington,June ,corn,f ,196,17.6,6/1/18,152,16-Jul,197,45
,,,,,,,,,2018,11,arlington,June ,corn,m ,124,9.5,6/1/18,152,16-Jul,197,45
,,,,,,,,,2018,12,arlington,June ,corn,m ,142,8.9,6/1/18,152,16-Jul,197,45
,,,,,,,,,2018,13,arlington,June ,corn,f ,174,11.8,6/1/18,152,16-Jul,197,45
,,,,,,,,,2018,14,arlington,June ,corn,f,173,11.8,6/1/18,152,19-Jul,200,48
,,,,,,,,,2018,15,arlington,June ,corn,m,107,7.6,6/1/18,152,19-Jul,200,48
,,,,,,,,,2018,16,arlington,June ,corn,m,85,7.8,6/1/18,152,24-Jul,205,53
,,,,,,,,,2018,17,arlington,June ,corn,m,79,2.8,6/1/18,152,24-Jul,205,53
,,,,,,,,,2018,18,arlington,June ,corn,f,130,10.7,6/1/18,152,31-Jul,212,60
,,,,,,,,,2018,19,arlington,June ,corn,m,123,20.2,6/1/18,152,31-Jul,212,60
,,,,,,,,,2018,20,arlington,June ,corn,m,76,3.9,6/1/18,152,31-Jul,212,60
,,,,,,,,,2018,21,arlington,June ,corn,m,183,17,6/1/18,152,3-Aug,215,63
,,,,,,,,,2018,22,arlington,June ,corn,f,204,31.5,6/1/18,152,3-Aug,215,63
,,,,,,,,,2018,23,arlington,June ,corn,f,109,5.5,6/1/18,152,3-Aug,215,63
,,,,,,,,,2018,24,arlington,June ,corn,f,214,14.4,6/1/18,152,3-Aug,215,63
,,,,,,,,,2018,1,arlington,July,fallow,f,21,13.7,7/1/18,182,24-Jul,205,23
,,,,,,,,,2018,2,arlington,July,fallow,m,51,23.2,7/1/18,182,24-Jul,205,23
,,,,,,,,,2018,3,arlington,July,fallow,,48,8.1,7/1/18,182,24-Jul,205,23
,,,,,,,,,2018,4,arlington,July,fallow,m,61,26.9,7/1/18,182,24-Jul,205,23
,,,,,,,,,2018,5,arlington,July,fallow,m,51,27.9,7/1/18,182,31-Jul,212,30
,,,,,,,,,2018,6,arlington,July,fallow,m,44,24.7,7/1/18,182,31-Jul,212,30
,,,,,,,,,2018,7,arlington,July,fallow,m,67,44.6,7/1/18,182,31-Jul,212,30
,,,,,,,,,2018,8,arlington,July,fallow,m,67,53.8,7/1/18,182,31-Jul,212,30
,,,,,,,,,2018,9,arlington,July,fallow,m,75,48.3,7/1/18,182,31-Jul,212,30
,,,,,,,,,2018,10,arlington,July,fallow,m,93,79.7,7/1/18,182,31-Jul,212,30
,,,,,,,,,2018,11,arlington,July,fallow,m,86,112.5,7/1/18,182,31-Jul,212,30
,,,,,,,,,2018,12,arlington,July,fallow,f,67,43.6,7/1/18,182,31-Jul,212,30
,,,,,,,,,2018,13,arlington,July,fallow,f,82,96.7,7/1/18,182,31-Jul,212,30
,,,,,,,,,2018,14,arlington,July,fallow,m,81,93.5,7/1/18,182,31-Jul,212,30
,,,,,,,,,2018,15,arlington,July,fallow,m,71,74.1,7/1/18,182,2-Aug,214,32
,,,,,,,,,2018,16,arlington,July,fallow,m,77,63,7/1/18,182,2-Aug,214,32
,,,,,,,,,2018,17,arlington,July,fallow,f,81,65.6,7/1/18,182,2-Aug,214,32
,,,,,,,,,2018,18,arlington,July,fallow,f,97,126.5,7/1/18,182,3-Aug,215,33
,,,,,,,,,2018,19,arlington,July,fallow,f,126,225.6,7/1/18,182,3-Aug,215,33
,,,,,,,,,2018,20,arlington,July,fallow,f,100,93.8,7/1/18,182,3-Aug,215,33
,,,,,,,,,2018,22,arlington,July,fallow,f,107,165.4,7/1/18,182,14-Aug,226,44
,,,,,,,,,2018,23,arlington,July,fallow,f,139,294,7/1/18,182,14-Aug,226,44
,,,,,,,,,2018,21,arlington,July,fallow,f,114,165.6,7/1/18,182,20-Aug,232,50
,,,,,,,,,2018,24,arlington,July,fallow,f,76,63,7/1/18,182,3-Aug,215,33
,,,,,,,,,2018,1,arlington,June ,soybean,m,42,1.1,6/1/18,152,12-Jun,163,11
,,,,,,,,,2018,2,arlington,June ,soybean,m,33,4.5,6/1/18,152,20-Jun,171,19
,,,,,,,,,2018,3,arlington,June ,soybean,m,43,6.5,6/1/18,152,25-Jun,176,24
,,,,,,,,,2018,4,arlington,June ,soybean,m,36,3.4,6/1/18,152,25-Jun,176,24
,,,,,,,,,2018,5,arlington,June ,soybean,m,36,7.1,6/1/18,152,28-Jun,179,27
,,,,,,,,,2018,6,arlington,June ,soybean,m,50,12.6,6/1/18,152,28-Jun,179,27
,,,,,,,,,2018,7,arlington,June ,soybean,m,33,15.4,6/1/18,152,28-Jun,179,27
,,,,,,,,,2018,8,arlington,June ,soybean,m,61,12.6,6/1/18,152,28-Jun,179,27
,,,,,,,,,2018,9,arlington,June ,soybean,m,46,16,6/1/18,152,28-Jun,179,27
,,,,,,,,,2018,10,arlington,June ,soybean,m,58,24,6/1/18,152,6-Jul,187,35
,,,,,,,,,2018,11,arlington,June ,soybean,m,74,42.7,6/1/18,152,6-Jul,187,35
,,,,,,,,,2018,12,arlington,June ,soybean,m,57,47.1,6/1/18,152,6-Jul,187,35
,,,,,,,,,2018,13,arlington,June ,soybean,f,100,94.7,6/1/18,152,6-Jul,187,35
,,,,,,,,,2018,14,arlington,June ,soybean,f,117,109.9,6/1/18,152,6-Jul,187,35
,,,,,,,,,2018,15,arlington,June ,soybean,f,69,18.7,6/1/18,152,6-Jul,187,35
,,,,,,,,,2018,16,arlington,June ,soybean,m,93,10.3,6/1/18,152,6-Jul,187,35
,,,,,,,,,2018,17,arlington,June ,soybean,f,100,105.6,6/1/18,152,16-Jul,197,45
,,,,,,,,,2018,18,arlington,June ,soybean,f,97,40.3,6/1/18,152,16-Jul,197,45
,,,,,,,,,2018,19,arlington,June ,soybean,f,147,169.1,6/1/18,152,16-Jul,197,45
,,,,,,,,,2018,20,arlington,June ,soybean,f,105,59,6/1/18,152,16-Jul,197,45
,,,,,,,,,2018,21,arlington,June ,soybean,f,122,106.3,6/1/18,152,19-Jul,200,48
,,,,,,,,,2018,22,arlington,June ,soybean,f,130,78.6,6/1/18,152,24-Jul,205,53
,,,,,,,,,2018,23,arlington,June ,soybean,f,130,75.8,6/1/18,152,24-Jul,205,53
,,,,,,,,,2018,24,arlington,June ,soybean,f,135,195.8,6/1/18,152,31-Jul,212,60
,,,,,,,,,2018,1,arlington,July,soybean,m,55,1.1,7/1/18,182,24-Jul,205,23
,,,,,,,,,2018,2,arlington,July,soybean,m,75,1.8,7/1/18,182,31-Jul,212,30
,,,,,,,,,2018,3,arlington,July,soybean,f,61,1.8,7/1/18,182,31-Jul,212,30
,,,,,,,,,2018,4,arlington,July,soybean,m,64,3,7/1/18,182,31-Jul,212,30
,,,,,,,,,2018,5,arlington,July,soybean,m,79,4,7/1/18,182,31-Jul,212,30
,,,,,,,,,2018,6,arlington,July,soybean,f,52,1.1,7/1/18,182,3-Aug,215,33
,,,,,,,,,2018,7,arlington,July,soybean,f,102,6.5,7/1/18,182,3-Aug,215,33
,,,,,,,,,2018,8,arlington,July,soybean,m,48,1.5,7/1/18,182,8-Aug,220,38
,,,,,,,,,2018,9,arlington,July,soybean,m,53,0.8,7/1/18,182,8-Aug,220,38
,,,,,,,,,2018,10,arlington,July,soybean,m,90,3.2,7/1/18,182,3-Aug,215,33
,,,,,,,,,2018,11,arlington,July,soybean,f,83,1.7,7/1/18,182,14-Aug,226,44
,,,,,,,,,2018,12,arlington,July,soybean,m,84,2,7/1/18,182,14-Aug,226,44
,,,,,,,,,2018,15,arlington,July,soybean,f,91,3.3,7/1/18,182,14-Aug,226,44
,,,,,,,,,2018,19,arlington,July,soybean,m,37,0.6,7/1/18,182,14-Aug,226,44
,,,,,,,,,2018,21,arlington,July,soybean,m,82,1.5,7/1/18,182,14-Aug,226,44
,,,,,,,,,2018,13,arlington,July,soybean,f,93,1.8,7/1/18,182,20-Aug,232,50
,,,,,,,,,2018,14,arlington,July,soybean,f,33,0.9,7/1/18,182,20-Aug,232,50
,,,,,,,,,2018,16,arlington,July,soybean,f,79,2.4,7/1/18,182,20-Aug,232,50
,,,,,,,,,2018,18,arlington,July,soybean,f,94,3.4,7/1/18,182,20-Aug,232,50
,,,,,,,,,2018,20,arlington,July,soybean,f,100,2.6,7/1/18,182,20-Aug,232,50
,,,,,,,,,2018,17,arlington,July,soybean,f,59,0.9,7/1/18,182,27-Aug,239,57
,,,,,,,,,2018,22,arlington,July,soybean,m,93,10.3,7/1/18,182,3-Aug,215,33
,,,,,,,,,2018,23,arlington,July,soybean,f,102,6.5,7/1/18,182,8-Aug,220,38
,,,,,,,,,2018,24,arlington,July,soybean,,,,,,,,
,,,,,,,,,2018,1,clay center,June ,fallow,m,,225,6/1/18,152,7/23/18,204,52
,,,,,,,,,2018,2,clay center,June ,fallow,m,,230,6/1/18,152,7/12/18,193,41
,,,,,,,,,2018,3,clay center,June ,fallow,f,,150,6/1/18,152,7/12/18,193,41
,,,,,,,,,2018,4,clay center,June ,fallow,f,,160,6/1/18,152,7/12/18,193,41
,,,,,,,,,2018,5,clay center,June ,fallow,f,,170,6/1/18,152,7/12/18,193,41
,,,,,,,,,2018,6,clay center,June ,fallow,m,,225,6/1/18,152,7/12/18,193,41
,,,,,,,,,2018,7,clay center,June ,fallow,f,,230,6/1/18,152,7/12/18,193,41
,,,,,,,,,2018,8,clay center,June ,fallow,m,,420,6/1/18,152,7/12/18,193,41
,,,,,,,,,2018,9,clay center,June ,fallow,f,,350,6/1/18,152,7/12/18,193,41
,,,,,,,,,2018,10,clay center,June ,fallow,m,,200,6/1/18,152,7/12/18,193,41
,,,,,,,,,2018,11,clay center,June ,fallow,m,,210,6/1/18,152,7/12/18,193,41
,,,,,,,,,2018,12,clay center,June ,fallow,f,,150,6/1/18,152,7/12/18,193,41
,,,,,,,,,2018,13,clay center,June ,fallow,m,,226,6/1/18,152,7/12/18,193,41
,,,,,,,,,2018,14,clay center,June ,fallow,m,,258,6/1/18,152,7/12/18,193,41
,,,,,,,,,2018,15,clay center,June ,fallow,f,,263,6/1/18,152,7/12/18,193,41
,,,,,,,,,2018,16,clay center,June ,fallow,f,,240,6/1/18,152,7/12/18,193,41
,,,,,,,,,2018,17,clay center,June ,fallow,m,,250,6/1/18,152,7/12/18,193,41
,,,,,,,,,2018,18,clay center,June ,fallow,m,,255,6/1/18,152,7/12/18,193,41
,,,,,,,,,2018,19,clay center,June ,fallow,f,,260,6/1/18,152,7/12/18,193,41
,,,,,,,,,2018,20,clay center,June ,fallow,f,,270,6/1/18,152,7/12/18,193,41
,,,,,,,,,2018,21,clay center,June ,fallow,m,,280,6/1/18,152,7/12/18,193,41
,,,,,,,,,2018,22,clay center,June ,fallow,f,,150,6/1/18,152,7/12/18,193,41
,,,,,,,,,2018,23,clay center,June ,fallow,m,,180,6/1/18,152,7/10/18,191,39
,,,,,,,,,2018,24,clay center,June ,fallow,m,,120,6/1/18,152,7/12/18,193,41
,,,,,,,,,2018,1,clay center,July,fallow,f,,60,7/1/18,182,7/25/18,206,24
,,,,,,,,,2018,2,clay center,July,fallow,m,,230,7/1/18,182,7/25/18,206,24
,,,,,,,,,2018,3,clay center,July,fallow,m,,245,7/1/18,182,7/25/18,206,24
,,,,,,,,,2018,4,clay center,July,fallow,f,,230,7/1/18,182,7/25/18,206,24
,,,,,,,,,2018,5,clay center,July,fallow,f,,200,7/1/18,182,7/25/18,206,24
,,,,,,,,,2018,6,clay center,July,fallow,m,,210,7/1/18,182,7/25/18,206,24
,,,,,,,,,2018,7,clay center,July,fallow,m,,310,7/1/18,182,7/25/18,206,24
,,,,,,,,,2018,8,clay center,July,fallow,f,,320,7/1/18,182,7/25/18,206,24
,,,,,,,,,2018,9,clay center,July,fallow,m,,325,7/1/18,182,7/25/18,206,24
,,,,,,,,,2018,10,clay center,July,fallow,f,,360,7/1/18,182,7/25/18,206,24
,,,,,,,,,2018,11,clay center,July,fallow,m,,410,7/1/18,182,7/25/18,206,24
,,,,,,,,,2018,12,clay center,July,fallow,f,,400,7/1/18,182,7/25/18,206,24
,,,,,,,,,2018,13,clay center,July,fallow,m,,450,7/1/18,182,7/25/18,206,24
,,,,,,,,,2018,14,clay center,July,fallow,m,,300,7/1/18,182,7/25/18,206,24
,,,,,,,,,2018,15,clay center,July,fallow,f,,320,7/1/18,182,7/25/18,206,24
,,,,,,,,,2018,16,clay center,July,fallow,f,,300,7/1/18,182,8/3/18,215,33
,,,,,,,,,2018,17,clay center,July,fallow,f,,120,7/1/18,182,8/3/18,215,33
,,,,,,,,,2018,18,clay center,July,fallow,f,,245,7/1/18,182,8/3/18,215,33
,,,,,,,,,2018,19,clay center,July,fallow,m,,240,7/1/18,182,8/3/18,215,33
,,,,,,,,,2018,20,clay center,July,fallow,m,,230,7/1/18,182,8/3/18,215,33
,,,,,,,,,2018,21,clay center,July,fallow,m,,260,7/1/18,182,8/3/18,215,33
,,,,,,,,,2018,22,clay center,July,fallow,f,,240,7/1/18,182,9/5/18,248,66
,,,,,,,,,2018,23,clay center,July,fallow,f,,230,7/1/18,182,9/5/18,248,66
,,,,,,,,,2018,24,clay center,July,fallow,f,,251,7/1/18,182,7/25/18,206,24
,,,,,,,,,2018,1,clay center,June ,corn,f,,65,6/1/18,152,7/27/18,208,56
,,,,,,,,,2018,2,clay center,June ,corn,m,,55,6/1/18,152,7/12/18,193,41
,,,,,,,,,2018,3,clay center,June ,corn,f,,,,,,,
,,,,,,,,,2018,4,clay center,June ,corn,f,,110,6/1/18,152,7/25/18,206,54
,,,,,,,,,2018,5,clay center,June ,corn,m,,40,6/1/18,152,7/25/18,206,54
,,,,,,,,,2018,6,clay center,June ,corn,f,,65,6/1/18,152,7/12/18,193,41
,,,,,,,,,2018,7,clay center,June ,corn,m,,55,6/1/18,152,7/25/18,206,54
,,,,,,,,,2018,8,clay center,June ,corn,f,,,,,,,
,,,,,,,,,2018,9,clay center,June ,corn,f,,56,6/1/18,152,8/22/18,234,82
,,,,,,,,,2018,10,clay center,June ,corn,m,,,,,,,
,,,,,,,,,2018,11,clay center,June ,corn,f,,,,,,,
,,,,,,,,,2018,12,clay center,June ,corn,m,,61,6/1/18,152,7/27/18,208,56
,,,,,,,,,2018,13,clay center,June ,corn,f,,,,,,,
,,,,,,,,,2018,14,clay center,June ,corn,m,,61,6/1/18,152,7/12/18,193,41
,,,,,,,,,2018,15,clay center,June ,corn,m,,56,6/1/18,152,7/12/18,193,41
,,,,,,,,,2018,16,clay center,June ,corn,f,,70,6/1/18,152,7/25/18,206,54
,,,,,,,,,2018,17,clay center,June ,corn,m,,,,,,,
,,,,,,,,,2018,18,clay center,June ,corn,f,,53,6/1/18,152,7/25/18,206,54
,,,,,,,,,2018,19,clay center,June ,corn,m,,64,6/1/18,152,7/25/18,206,54
,,,,,,,,,2018,20,clay center,June ,corn,f,,53,6/1/18,152,7/25/18,206,54
,,,,,,,,,2018,21,clay center,June ,corn,m,,58,6/1/18,152,7/25/18,206,54
,,,,,,,,,2018,22,clay center,June ,corn,f,,58,6/1/18,152,7/25/18,206,54
,,,,,,,,,2018,23,clay center,June ,corn,f,,62,6/1/18,152,7/25/18,206,54
,,,,,,,,,2018,24,clay center,June ,corn,m,,62,6/1/18,152,7/23/18,204,52
,,,,,,,,,2018,1,clay center,July,corn,f,,50,7/1/18,182,8/22/18,234,52
,,,,,,,,,2018,2,clay center,July,corn,m,,30,7/1/18,182,8/22/18,234,52
,,,,,,,,,2018,3,clay center,July,corn,f,,40,7/1/18,182,8/22/18,234,52
,,,,,,,,,2018,4,clay center,July,corn,m,,10,7/1/18,182,8/22/18,234,52
,,,,,,,,,2018,5,clay center,July,corn,f,,8,7/1/18,182,8/22/18,234,52
,,,,,,,,,2018,6,clay center,July,corn,m,,20,7/1/18,182,9/5/18,248,66
,,,,,,,,,2018,7,clay center,July,corn,m,,25,7/1/18,182,9/5/18,248,66
,,,,,,,,,2018,8,clay center,July,corn,f,,8,7/1/18,182,9/5/18,248,66
,,,,,,,,,2018,9,clay center,July,corn,m,,12,7/1/18,182,9/5/18,248,66
,,,,,,,,,2018,10,clay center,July,corn,m,,30,7/1/18,182,9/5/18,248,66
,,,,,,,,,2018,11,clay center,July,corn,m,,40,7/1/18,182,9/5/18,248,66
,,,,,,,,,2018,12,clay center,July,corn,f,,20,7/1/18,182,8/22/18,234,52
,,,,,,,,,2018,13,clay center,July,corn,f,,10,7/1/18,182,8/22/18,234,52
,,,,,,,,,2018,14,clay center,July,corn,f,,18,7/1/18,182,8/22/18,234,52
,,,,,,,,,2018,15,clay center,July,corn,m,,30,7/1/18,182,8/22/18,234,52
,,,,,,,,,2018,16,clay center,July,corn,f,,25,7/1/18,182,9/5/18,248,66
,,,,,,,,,2018,17,clay center,July,corn,m,,20,7/1/18,182,9/5/18,248,66
,,,,,,,,,2018,18,clay center,July,corn,m,,22,7/1/18,182,9/5/18,248,66
,,,,,,,,,2018,19,clay center,July,corn,f,,5,7/1/18,182,9/5/18,248,66
,,,,,,,,,2018,20,clay center,July,corn,f,,12,7/1/18,182,9/5/18,248,66
,,,,,,,,,2018,21,clay center,July,corn,f,,10,7/1/18,182,9/5/18,248,66
,,,,,,,,,2018,22,clay center,July,corn,f,,25,7/1/18,182,9/5/18,248,66
,,,,,,,,,2018,23,clay center,July,corn,m,,20,7/1/18,182,9/5/18,248,66
,,,,,,,,,2018,24,clay center,July,corn,m,,15,7/1/18,182,9/5/18,248,66
,,,,,,,,,2018,1,clay center,June ,soybean,f,,110,6/1/18,152,7/11/18,192,40
,,,,,,,,,2018,2,clay center,June ,soybean,m,,90,6/1/18,152,7/12/18,193,41
,,,,,,,,,2018,3,clay center,June ,soybean,,,,,,,,
,,,,,,,,,2018,4,clay center,June ,soybean,m,,150,6/1/18,152,7/12/18,193,41
,,,,,,,,,2018,5,clay center,June ,soybean,f,,210,6/1/18,152,7/12/18,193,41
,,,,,,,,,2018,6,clay center,June ,soybean,f,,82,6/1/18,152,7/23/18,204,52
,,,,,,,,,2018,7,clay center,June ,soybean,m,,75,6/1/18,152,7/12/18,193,41
,,,,,,,,,2018,8,clay center,June ,soybean,m,,96,6/1/18,152,7/12/18,193,41
,,,,,,,,,2018,9,clay center,June ,soybean,f,,80,6/1/18,152,7/12/18,193,41
,,,,,,,,,2018,10,clay center,June ,soybean,f,,75,6/1/18,152,7/12/18,193,41
,,,,,,,,,2018,11,clay center,June ,soybean,f,,50,6/1/18,152,7/12/18,193,41
,,,,,,,,,2018,12,clay center,June ,soybean,m,,60,6/1/18,152,7/12/18,193,41
,,,,,,,,,2018,13,clay center,June ,soybean,m,,68,6/1/18,152,7/12/18,193,41
,,,,,,,,,2018,14,clay center,June ,soybean,f,,75,6/1/18,152,7/12/18,193,41
,,,,,,,,,2018,15,clay center,June ,soybean,m,,78,6/1/18,152,7/12/18,193,41
,,,,,,,,,2018,16,clay center,June ,soybean,m,,79,6/1/18,152,7/12/18,193,41
,,,,,,,,,2018,17,clay center,June ,soybean,f,,80,6/1/18,152,7/12/18,193,41
,,,,,,,,,2018,18,clay center,June ,soybean,m,,60,6/1/18,152,7/12/18,193,41
,,,,,,,,,2018,19,clay center,June ,soybean,m,,45,6/1/18,152,7/12/18,193,41
,,,,,,,,,2018,20,clay center,June ,soybean,f,,80,6/1/18,152,7/12/18,193,41
,,,,,,,,,2018,21,clay center,June ,soybean,f,,78,6/1/18,152,7/12/18,193,41
,,,,,,,,,2018,22,clay center,June ,soybean,m,,90,6/1/18,152,7/12/18,193,41
,,,,,,,,,2018,23,clay center,June ,soybean,m,,100,6/1/18,152,7/12/18,193,41
,,,,,,,,,2018,24,clay center,June ,soybean,m,,120,6/1/18,152,7/12/18,193,41
,,,,,,,,,2018,1,clay center,July,soybean,f,,120,1-Jul,182,9/5/18,248,66
,,,,,,,,,2018,2,clay center,July,soybean,m,,130,1-Jul,182,9/5/18,248,66
,,,,,,,,,2018,3,clay center,July,soybean,m,,100,1-Jul,182,9/5/18,248,66
,,,,,,,,,2018,4,clay center,July,soybean,m,,90,1-Jul,182,9/5/18,248,66
,,,,,,,,,2018,5,clay center,July,soybean,f,,85,1-Jul,182,9/5/18,248,66
,,,,,,,,,2018,6,clay center,July,soybean,f,,66,1-Jul,182,9/5/18,248,66
,,,,,,,,,2018,7,clay center,July,soybean,m,,85,1-Jul,182,9/5/18,248,66
,,,,,,,,,2018,8,clay center,July,soybean,f,,130,1-Jul,182,9/5/18,248,66
,,,,,,,,,2018,9,clay center,July,soybean,f,,120,1-Jul,182,9/5/18,248,66
,,,,,,,,,2018,10,clay center,July,soybean,f,,117,1-Jul,182,7/25/18,206,24
,,,,,,,,,2018,11,clay center,July,soybean,f,,115,1-Jul,182,9/5/18,248,66
,,,,,,,,,2018,12,clay center,July,soybean,m,,100,1-Jul,182,9/5/18,248,66
,,,,,,,,,2018,13,clay center,July,soybean,m,,120,1-Jul,182,5-Aug,217,35
,,,,,,,,,2018,14,clay center,July,soybean,f,,130,1-Jul,182,5-Aug,217,35
,,,,,,,,,2018,15,clay center,July,soybean,m,,140,1-Jul,182,8/18/18,230,48
,,,,,,,,,2018,16,clay center,July,soybean,,,,,,,,
,,,,,,,,,2018,17,clay center,July,soybean,f,,50,1-Jul,182,6/18/18,169,-13
,,,,,,,,,2018,18,clay center,July,soybean,m,,60,1-Jul,182,6/18/18,169,-13
,,,,,,,,,2018,19,clay center,July,soybean,f,,90,1-Jul,182,6/18/18,169,-13
,,,,,,,,,2018,20,clay center,July,soybean,m,,85,1-Jul,182,6/18/18,169,-13
,,,,,,,,,2018,21,clay center,July,soybean,f,,87,1-Jul,182,6/18/18,169,-13
,,,,,,,,,2018,22,clay center,July,soybean,m,,100,1-Jul,182,6/18/18,169,-13
,,,,,,,,,2018,23,clay center,July,soybean,f,,110,1-Jul,182,9/4/18,247,65
,,,,,,,,,2018,24,clay center,July,soybean,m,,85,1-Jul,182,9/4/18,247,65
,,,,,,,,,2018,1,grant,June ,fallow,f,,72.89,6/1/18,152,7/6/18,187,35
,,,,,,,,,2018,2,grant,June ,fallow,f,,62.25,6/1/18,152,7/6/18,187,35
,,,,,,,,,2018,3,grant,June ,fallow,f,,166.1,6/1/18,152,7/6/18,187,35
,,,,,,,,,2018,4,grant,June ,fallow,f,,96.37,6/1/18,152,7/6/18,187,35
,,,,,,,,,2018,5,grant,June ,fallow,m,,25.45,6/1/18,152,7/6/18,187,35
,,,,,,,,,2018,6,grant,June ,fallow,f,,142.41,6/1/18,152,7/6/18,187,35
,,,,,,,,,2018,7,grant,June ,fallow,m,,66.88,6/1/18,152,7/6/18,187,35
,,,,,,,,,2018,8,grant,June ,fallow,m,,187.89,6/1/18,152,7/6/18,187,35
,,,,,,,,,2018,9,grant,June ,fallow,f,,209.91,6/1/18,152,7/6/18,187,35
,,,,,,,,,2018,10,grant,June ,fallow,m,,78.54,6/1/18,152,7/6/18,187,35
,,,,,,,,,2018,11,grant,June ,fallow,f,,241.97,6/1/18,152,7/6/18,187,35
,,,,,,,,,2018,12,grant,June ,fallow,m,,110.23,6/1/18,152,7/6/18,187,35
,,,,,,,,,2018,13,grant,June ,fallow,f,,71.53,6/1/18,152,7/6/18,187,35
,,,,,,,,,2018,14,grant,June ,fallow,m,,156.61,6/1/18,152,7/6/18,187,35
,,,,,,,,,2018,15,grant,June ,fallow,m,,181.51,6/1/18,152,7/6/18,187,35
,,,,,,,,,2018,16,grant,June ,fallow,f,,39.1,6/1/18,152,7/6/18,187,35
,,,,,,,,,2018,17,grant,June ,fallow,m,,65.74,6/1/18,152,7/6/18,187,35
,,,,,,,,,2018,18,grant,June ,fallow,f,,19.39,6/1/18,152,7/6/18,187,35
,,,,,,,,,2018,19,grant,June ,fallow,f,,53.86,6/1/18,152,7/6/18,187,35
,,,,,,,,,2018,20,grant,June ,fallow,f,,75.57,6/1/18,152,7/6/18,187,35
,,,,,,,,,2018,21,grant,June ,fallow,f,,127.41,6/1/18,152,7/6/18,187,35
,,,,,,,,,2018,22,grant,June ,fallow,m,,21.15,6/1/18,152,7/6/18,187,35
,,,,,,,,,2018,23,grant,June ,fallow,f,,77.87,6/1/18,152,7/6/18,187,35
,,,,,,,,,2018,24,grant,June ,fallow,f,,50.94,6/1/18,152,7/6/18,187,35
,,,,,,,,,2018,1,grant,July,fallow,f,63,324.85,7/1/18,182,8/17/18,229,47
,,,,,,,,,2018,2,grant,July,fallow,f,57,244.18,7/1/18,182,8/17/18,229,47
,,,,,,,,,2018,3,grant,July,fallow,m,78,316.67,7/1/18,182,8/17/18,229,47
,,,,,,,,,2018,4,grant,July,fallow,m,83,305.63,7/1/18,182,8/17/18,229,47
,,,,,,,,,2018,5,grant,July,fallow,m,61,137.59,7/1/18,182,8/17/18,229,47
,,,,,,,,,2018,6,grant,July,fallow,m,63,232.29,7/1/18,182,8/17/18,229,47
,,,,,,,,,2018,7,grant,July,fallow,f,38,142.87,7/1/18,182,8/17/18,229,47
,,,,,,,,,2018,8,grant,July,fallow,f,76,248.84,7/1/18,182,8/17/18,229,47
,,,,,,,,,2018,9,grant,July,fallow,m,67,148.22,7/1/18,182,8/17/18,229,47
,,,,,,,,,2018,10,grant,July,fallow,f,50,139.89,7/1/18,182,8/17/18,229,47
,,,,,,,,,2018,11,grant,July,fallow,m,85,347.27,7/1/18,182,8/17/18,229,47
,,,,,,,,,2018,12,grant,July,fallow,f,42,317.4,7/1/18,182,8/17/18,229,47
,,,,,,,,,2018,13,grant,July,fallow,f,67,377.53,7/1/18,182,8/17/18,229,47
,,,,,,,,,2018,14,grant,July,fallow,m,65,271.24,7/1/18,182,8/17/18,229,47
,,,,,,,,,2018,15,grant,July,fallow,m,74,158.77,7/1/18,182,8/17/18,229,47
,,,,,,,,,2018,16,grant,July,fallow,m,61,396.98,7/1/18,182,8/17/18,229,47
,,,,,,,,,2018,17,grant,July,fallow,m,57,306.11,7/1/18,182,8/17/18,229,47
,,,,,,,,,2018,18,grant,July,fallow,f,63,363.41,7/1/18,182,8/17/18,229,47
,,,,,,,,,2018,19,grant,July,fallow,m,59,417.2,7/1/18,182,8/17/18,229,47
,,,,,,,,,2018,20,grant,July,fallow,f,63,529.87,7/1/18,182,8/17/18,229,47
,,,,,,,,,2018,21,grant,July,fallow,m,50,178.33,7/1/18,182,8/17/18,229,47
,,,,,,,,,2018,22,grant,July,fallow,f,71,507.27,7/1/18,182,8/17/18,229,47
,,,,,,,,,2018,23,grant,July,fallow,m,71,436,7/1/18,182,8/17/18,229,47
,,,,,,,,,2018,24,grant,July,fallow,f,64,326.14,7/1/18,182,8/17/18,229,47
,,,,,,,,,2018,1,grant,June ,corn,m,58,33.34,6/1/18,152,7/6/18,187,35
,,,,,,,,,2018,2,grant,June ,corn,f,53,49.43,6/1/18,152,7/6/18,187,35
,,,,,,,,,2018,3,grant,June ,corn,m,54,59.26,6/1/18,152,7/6/18,187,35
,,,,,,,,,2018,4,grant,June ,corn,m,38,9.02,6/1/18,152,7/6/18,187,35
,,,,,,,,,2018,5,grant,June ,corn,m,39,21.1,6/1/18,152,7/6/18,187,35
,,,,,,,,,2018,6,grant,June ,corn,f,65,51.45,6/1/18,152,7/6/18,187,35
,,,,,,,,,2018,7,grant,June ,corn,f,55,48.18,6/1/18,152,7/6/18,187,35
,,,,,,,,,2018,8,grant,June ,corn,m,53,8.76,6/1/18,152,7/6/18,187,35
,,,,,,,,,2018,9,grant,June ,corn,m,56,14.89,6/1/18,152,7/6/18,187,35
,,,,,,,,,2018,10,grant,June ,corn,m,72,35.16,6/1/18,152,7/6/18,187,35
,,,,,,,,,2018,11,grant,June ,corn,f,62,73.98,6/1/18,152,7/6/18,187,35
,,,,,,,,,2018,12,grant,June ,corn,m,61,77.84,6/1/18,152,7/6/18,187,35
,,,,,,,,,2018,13,grant,June ,corn,m,64,34.42,6/1/18,152,7/6/18,187,35
,,,,,,,,,2018,14,grant,June ,corn,m,61,26.63,6/1/18,152,7/6/18,187,35
,,,,,,,,,2018,15,grant,June ,corn,m,56,36.52,6/1/18,152,7/6/18,187,35
,,,,,,,,,2018,16,grant,June ,corn,m,70,37.71,6/1/18,152,7/6/18,187,35
,,,,,,,,,2018,17,grant,June ,corn,m,45,13.14,6/1/18,152,7/6/18,187,35
,,,,,,,,,2018,18,grant,June ,corn,m,53,22.29,6/1/18,152,7/6/18,187,35
,,,,,,,,,2018,19,grant,June ,corn,f,64,39.88,6/1/18,152,7/6/18,187,35
,,,,,,,,,2018,20,grant,June ,corn,f,53,10.61,6/1/18,152,7/6/18,187,35
,,,,,,,,,2018,21,grant,June ,corn,m,58,18.36,6/1/18,152,7/6/18,187,35
,,,,,,,,,2018,22,grant,June ,corn,m,58,15.08,6/1/18,152,7/6/18,187,35
,,,,,,,,,2018,23,grant,June ,corn,f,62,48.36,6/1/18,152,7/6/18,187,35
,,,,,,,,,2018,24,grant,June ,corn,f,62,39.47,6/1/18,152,7/6/18,187,35
,,,,,,,,,2018,1,grant,July,corn,,10,0.14,7/1/18,182,8/17/18,229,47
,,,,,,,,,2018,2,grant,July,corn,m,15,1.44,7/1/18,182,8/17/18,229,47
,,,,,,,,,2018,3,grant,July,corn,m,22,1.35,7/1/18,182,8/17/18,229,47
,,,,,,,,,2018,4,grant,July,corn,f,26,3.06,7/1/18,182,8/17/18,229,47
,,,,,,,,,2018,5,grant,July,corn,f,8,0.87,7/1/18,182,8/17/18,229,47
,,,,,,,,,2018,6,grant,July,corn,f,15,1.47,7/1/18,182,8/17/18,229,47
,,,,,,,,,2018,7,grant,July,corn,m,18,1.87,7/1/18,182,8/17/18,229,47
,,,,,,,,,2018,8,grant,July,corn,,7.5,0.82,7/1/18,182,8/17/18,229,47
,,,,,,,,,2018,9,grant,July,corn,m,9,1.03,7/1/18,182,8/17/18,229,47
,,,,,,,,,2018,10,grant,July,corn,m,21,1.56,7/1/18,182,8/17/18,229,47
,,,,,,,,,2018,11,grant,July,corn,m,19,1.9,7/1/18,182,8/17/18,229,47
,,,,,,,,,2018,12,grant,July,corn,,6,0.58,7/1/18,182,8/17/18,229,47
,,,,,,,,,2018,13,grant,July,corn,,20,1.43,7/1/18,182,8/17/18,229,47
,,,,,,,,,2018,14,grant,July,corn,,18,1.05,7/1/18,182,8/17/18,229,47
,,,,,,,,,2018,15,grant,July,corn,f,28,2.27,7/1/18,182,8/17/18,229,47
,,,,,,,,,2018,16,grant,July,corn,m,23,0.93,7/1/18,182,8/17/18,229,47
,,,,,,,,,2018,17,grant,July,corn,m,18,1.17,7/1/18,182,8/17/18,229,47
,,,,,,,,,2018,18,grant,July,corn,m,22,1.87,7/1/18,182,8/17/18,229,47
,,,,,,,,,2018,19,grant,July,corn,,4.5,0.27,7/1/18,182,8/17/18,229,47
,,,,,,,,,2018,20,grant,July,corn,,3,0.31,7/1/18,182,8/17/18,229,47
,,,,,,,,,2018,21,grant,July,corn,,9,0.78,7/1/18,182,8/17/18,229,47
,,,,,,,,,2018,22,grant,July,corn,f,20.5,1.33,7/1/18,182,8/17/18,229,47
,,,,,,,,,2018,23,grant,July,corn,f,27,2.05,7/1/18,182,8/17/18,229,47
,,,,,,,,,2018,24,grant,July,corn,,4,0.47,7/1/18,182,8/17/18,229,47
,,,,,,,,,2018,1,grant,June ,soybean,m,31,18.23,6/1/18,152,7/6/18,187,35
,,,,,,,,,2018,2,grant,June ,soybean,m,36,110.07,6/1/18,152,7/6/18,187,35
,,,,,,,,,2018,3,grant,June ,soybean,f,44,45.74,6/1/18,152,7/6/18,187,35
,,,,,,,,,2018,4,grant,June ,soybean,f,55,181.13,6/1/18,152,7/6/18,187,35
,,,,,,,,,2018,5,grant,June ,soybean,f,37,46.4,6/1/18,152,7/6/18,187,35
,,,,,,,,,2018,6,grant,June ,soybean,f,35,25.46,6/1/18,152,7/6/18,187,35
,,,,,,,,,2018,7,grant,June ,soybean,m,32,17.68,6/1/18,152,7/6/18,187,35
,,,,,,,,,2018,8,grant,June ,soybean,m,26,12.51,6/1/18,152,7/6/18,187,35
,,,,,,,,,2018,9,grant,June ,soybean,m,29,42.08,6/1/18,152,7/6/18,187,35
,,,,,,,,,2018,10,grant,June ,soybean,m,25,4.01,6/1/18,152,7/6/18,187,35
,,,,,,,,,2018,11,grant,June ,soybean,f,47,149.93,6/1/18,152,7/6/18,187,35
,,,,,,,,,2018,12,grant,June ,soybean,m,41,114.21,6/1/18,152,7/6/18,187,35
,,,,,,,,,2018,13,grant,June ,soybean,f,44,87.91,6/1/18,152,7/6/18,187,35
,,,,,,,,,2018,14,grant,June ,soybean,m,22,19.25,6/1/18,152,7/6/18,187,35
,,,,,,,,,2018,15,grant,June ,soybean,f,45,50.98,6/1/18,152,7/6/18,187,35
,,,,,,,,,2018,16,grant,June ,soybean,m,22,8.28,6/1/18,152,7/6/18,187,35
,,,,,,,,,2018,17,grant,June ,soybean,f,58,167.12,6/1/18,152,7/6/18,187,35
,,,,,,,,,2018,18,grant,June ,soybean,m,38,88.71,6/1/18,152,7/6/18,187,35
,,,,,,,,,2018,19,grant,June ,soybean,m,45,134.42,6/1/18,152,7/6/18,187,35
,,,,,,,,,2018,20,grant,June ,soybean,f,43,25.34,6/1/18,152,7/6/18,187,35
,,,,,,,,,2018,21,grant,June ,soybean,m,38,44.83,6/1/18,152,7/6/18,187,35
,,,,,,,,,2018,22,grant,June ,soybean,f,54,116.9,6/1/18,152,7/6/18,187,35
,,,,,,,,,2018,23,grant,June ,soybean,m,42,74.29,6/1/18,152,7/6/18,187,35
,,,,,,,,,2018,24,grant,June ,soybean,f,46,173.74,6/1/18,152,7/6/18,187,35
,,,,,,,,,2018,1,grant,July,soybean,m,71,128.9,7/1/18,182,8/17/18,229,47
,,,,,,,,,2018,2,grant,July,soybean,m,71,27.22,7/1/18,182,8/17/18,229,47
,,,,,,,,,2018,3,grant,July,soybean,m,76,219.38,7/1/18,182,8/17/18,229,47
,,,,,,,,,2018,4,grant,July,soybean,m,76,209.89,7/1/18,182,8/17/18,229,47
,,,,,,,,,2018,5,grant,July,soybean,f,74,115.42,7/1/18,182,8/17/18,229,47
,,,,,,,,,2018,6,grant,July,soybean,m,66,134.83,7/1/18,182,8/17/18,229,47
,,,,,,,,,2018,7,grant,July,soybean,m,81,279.89,7/1/18,182,8/17/18,229,47
,,,,,,,,,2018,8,grant,July,soybean,m,53,88.95,7/1/18,182,8/17/18,229,47
,,,,,,,,,2018,9,grant,July,soybean,f,78,301.39,7/1/18,182,8/17/18,229,47
,,,,,,,,,2018,10,grant,July,soybean,f,57,144.46,7/1/18,182,8/17/18,229,47
,,,,,,,,,2018,11,grant,July,soybean,m,78,350.05,7/1/18,182,8/17/18,229,47
,,,,,,,,,2018,12,grant,July,soybean,m,52,80.63,7/1/18,182,8/17/18,229,47
,,,,,,,,,2018,13,grant,July,soybean,m,53,73.9,7/1/18,182,8/17/18,229,47
,,,,,,,,,2018,14,grant,July,soybean,f,75,108.64,7/1/18,182,8/17/18,229,47
,,,,,,,,,2018,15,grant,July,soybean,m,59,140.27,7/1/18,182,8/17/18,229,47
,,,,,,,,,2018,16,grant,July,soybean,f,70,221.94,7/1/18,182,8/17/18,229,47
,,,,,,,,,2018,17,grant,July,soybean,f,54,195.49,7/1/18,182,8/17/18,229,47
,,,,,,,,,2018,18,grant,July,soybean,m,60,233.27,7/1/18,182,8/17/18,229,47
,,,,,,,,,2018,19,grant,July,soybean,m,89,118.63,7/1/18,182,8/17/18,229,47
,,,,,,,,,2018,20,grant,July,soybean,f,83,337.08,7/1/18,182,8/17/18,229,47
,,,,,,,,,2018,21,grant,July,soybean,f,78,152.71,7/1/18,182,8/17/18,229,47
,,,,,,,,,2018,22,grant,July,soybean,f,77,148.79,7/1/18,182,8/17/18,229,47
,,,,,,,,,2018,23,grant,July,soybean,m,48,336.36,7/1/18,182,8/17/18,229,47
,,,,,,,,,2018,24,grant,July,soybean,f,73,260.34,7/1/18,182,8/17/18,229,47
,,,,,,,,,2018,1,havelock,June ,fallow,m,86,303.1,6/1/18,152,6/25/18,176,24
,,,,,,,,,2018,2,havelock,June ,fallow,m,90,75.7,6/1/18,152,6/25/18,176,24
,,,,,,,,,2018,3,havelock,June ,fallow,f,120,75.8,6/1/18,152,7/9/18,190,38
,,,,,,,,,2018,4,havelock,June ,fallow,m,98,113.4,6/1/18,152,7/9/18,190,38
,,,,,,,,,2018,5,havelock,June ,fallow,f,118,353.3,6/1/18,152,7/9/18,190,38
,,,,,,,,,2018,6,havelock,June ,fallow,m,103,183.3,6/1/18,152,7/9/18,190,38
,,,,,,,,,2018,7,havelock,June ,fallow,m,168,287.5,6/1/18,152,7/16/18,197,45
,,,,,,,,,2018,8,havelock,June ,fallow,f,104,272.4,6/1/18,152,7/16/18,197,45
,,,,,,,,,2018,9,havelock,June ,fallow,m,131,254.5,6/1/18,152,7/16/18,197,45
,,,,,,,,,2018,10,havelock,June ,fallow,m,73,79.9,6/1/18,152,7/16/18,197,45
,,,,,,,,,2018,11,havelock,June ,fallow,m,90,171.5,6/1/18,152,7/16/18,197,45
,,,,,,,,,2018,12,havelock,June ,fallow,m,93,117.4,6/1/18,152,7/16/18,197,45
,,,,,,,,,2018,13,havelock,June ,fallow,m,159,704.4,6/1/18,152,8/6/18,218,66
,,,,,,,,,2018,14,havelock,June ,fallow,f,173,444,6/1/18,152,7/30/18,211,59
,,,,,,,,,2018,15,havelock,June ,fallow,m,117,427.5,6/1/18,152,7/30/18,211,59
,,,,,,,,,2018,16,havelock,June ,fallow,f,117,132.6,6/1/18,152,7/23/18,204,52
,,,,,,,,,2018,17,havelock,June ,fallow,,,,,,,,
,,,,,,,,,2018,18,havelock,June ,fallow,,,,,,,,
,,,,,,,,,2018,19,havelock,June ,fallow,,,,,,,,
,,,,,,,,,2018,20,havelock,June ,fallow,,,,,,,,
,,,,,,,,,2018,21,havelock,June ,fallow,,,,,,,,
,,,,,,,,,2018,22,havelock,June ,fallow,,,,,,,,
,,,,,,,,,2018,23,havelock,June ,fallow,,,,,,,,
,,,,,,,,,2018,24,havelock,June ,fallow,,,,,,,,
,,,,,,,,,2018,1,havelock,July,fallow,,,,,,,,
,,,,,,,,,2018,2,havelock,July,fallow,,,,,,,,
,,,,,,,,,2018,3,havelock,July,fallow,,,,,,,,
,,,,,,,,,2018,4,havelock,July,fallow,,,,,,,,
,,,,,,,,,2018,5,havelock,July,fallow,,,,,,,,
,,,,,,,,,2018,6,havelock,July,fallow,,,,,,,,
,,,,,,,,,2018,7,havelock,July,fallow,,,,,,,,
,,,,,,,,,2018,8,havelock,July,fallow,,,,,,,,
,,,,,,,,,2018,9,havelock,July,fallow,,,,,,,,
,,,,,,,,,2018,10,havelock,July,fallow,,,,,,,,
,,,,,,,,,2018,11,havelock,July,fallow,,,,,,,,
,,,,,,,,,2018,12,havelock,July,fallow,,,,,,,,
,,,,,,,,,2018,13,havelock,July,fallow,,,,,,,,
,,,,,,,,,2018,14,havelock,July,fallow,,,,,,,,
,,,,,,,,,2018,15,havelock,July,fallow,,,,,,,,
,,,,,,,,,2018,16,havelock,July,fallow,,,,,,,,
,,,,,,,,,2018,17,havelock,July,fallow,,,,,,,,
,,,,,,,,,2018,18,havelock,July,fallow,,,,,,,,
,,,,,,,,,2018,19,havelock,July,fallow,,,,,,,,
,,,,,,,,,2018,20,havelock,July,fallow,,,,,,,,
,,,,,,,,,2018,21,havelock,July,fallow,,,,,,,,
,,,,,,,,,2018,22,havelock,July,fallow,,,,,,,,
,,,,,,,,,2018,23,havelock,July,fallow,,,,,,,,
,,,,,,,,,2018,24,havelock,July,fallow,,,,,,,,
,,,,,,,,,2018,1,havelock,June ,corn,m,77,1.9,6/1/18,152,8/6/18,218,66
,,,,,,,,,2018,2,havelock,June ,corn,f,47,1.1,6/1/18,152,8/6/18,218,66
,,,,,,,,,2018,3,havelock,June ,corn,f,57,1.2,6/1/18,152,8/6/18,218,66
,,,,,,,,,2018,4,havelock,June ,corn,m,100,2.4,6/1/18,152,8/6/18,218,66
,,,,,,,,,2018,5,havelock,June ,corn,,,,,,,,
,,,,,,,,,2018,6,havelock,June ,corn,,,,,,,,
,,,,,,,,,2018,7,havelock,June ,corn,,,,,,,,
,,,,,,,,,2018,8,havelock,June ,corn,,,,,,,,
,,,,,,,,,2018,9,havelock,June ,corn,,,,,,,,
,,,,,,,,,2018,10,havelock,June ,corn,,,,,,,,
,,,,,,,,,2018,11,havelock,June ,corn,,,,,,,,
,,,,,,,,,2018,12,havelock,June ,corn,,,,,,,,
,,,,,,,,,2018,13,havelock,June ,corn,,,,,,,,
,,,,,,,,,2018,14,havelock,June ,corn,,,,,,,,
,,,,,,,,,2018,15,havelock,June ,corn,,,,,,,,
,,,,,,,,,2018,16,havelock,June ,corn,,,,,,,,
,,,,,,,,,2018,17,havelock,June ,corn,,,,,,,,
,,,,,,,,,2018,18,havelock,June ,corn,,,,,,,,
,,,,,,,,,2018,19,havelock,June ,corn,,,,,,,,
,,,,,,,,,2018,20,havelock,June ,corn,,,,,,,,
,,,,,,,,,2018,21,havelock,June ,corn,,,,,,,,
,,,,,,,,,2018,22,havelock,June ,corn,,,,,,,,
,,,,,,,,,2018,23,havelock,June ,corn,,,,,,,,
,,,,,,,,,2018,24,havelock,June ,corn,,,,,,,,
,,,,,,,,,2018,1,havelock,July,corn,,,,,,,,
,,,,,,,,,2018,2,havelock,July,corn,,,,,,,,
,,,,,,,,,2018,3,havelock,July,corn,,,,,,,,
,,,,,,,,,2018,4,havelock,July,corn,,,,,,,,
,,,,,,,,,2018,5,havelock,July,corn,,,,,,,,
,,,,,,,,,2018,6,havelock,July,corn,,,,,,,,
,,,,,,,,,2018,7,havelock,July,corn,,,,,,,,
,,,,,,,,,2018,8,havelock,July,corn,,,,,,,,
,,,,,,,,,2018,9,havelock,July,corn,,,,,,,,
,,,,,,,,,2018,10,havelock,July,corn,,,,,,,,
,,,,,,,,,2018,11,havelock,July,corn,,,,,,,,
,,,,,,,,,2018,12,havelock,July,corn,,,,,,,,
,,,,,,,,,2018,13,havelock,July,corn,,,,,,,,
,,,,,,,,,2018,14,havelock,July,corn,,,,,,,,
,,,,,,,,,2018,15,havelock,July,corn,,,,,,,,
,,,,,,,,,2018,16,havelock,July,corn,,,,,,,,
,,,,,,,,,2018,17,havelock,July,corn,,,,,,,,
,,,,,,,,,2018,18,havelock,July,corn,,,,,,,,
,,,,,,,,,2018,19,havelock,July,corn,,,,,,,,
,,,,,,,,,2018,20,havelock,July,corn,,,,,,,,
,,,,,,,,,2018,21,havelock,July,corn,,,,,,,,
,,,,,,,,,2018,22,havelock,July,corn,,,,,,,,
,,,,,,,,,2018,23,havelock,July,corn,,,,,,,,
,,,,,,,,,2018,24,havelock,July,corn,,,,,,,,
,,,,,,,,,2018,1,havelock,June ,soybean,f,141,39.4,6/1/18,152,7/9/18,190,38
,,,,,,,,,2018,2,havelock,June ,soybean,f,121,41.4,6/1/18,152,7/9/18,190,38
,,,,,,,,,2018,3,havelock,June ,soybean,m,103,34.7,6/1/18,152,7/16/18,197,45
,,,,,,,,,2018,4,havelock,June ,soybean,m,94,47.3,6/1/18,152,7/16/18,197,45
,,,,,,,,,2018,5,havelock,June ,soybean,f,79,10.1,6/1/18,152,7/16/18,197,45
,,,,,,,,,2018,6,havelock,June ,soybean,m,131,31.3,6/1/18,152,7/30/18,211,59
,,,,,,,,,2018,7,havelock,June ,soybean,m,172,60.9,6/1/18,152,7/30/18,211,59
,,,,,,,,,2018,8,havelock,June ,soybean,f,122,14.5,6/1/18,152,7/30/18,211,59
,,,,,,,,,2018,9,havelock,June ,soybean,f,161,51.9,6/1/18,152,7/30/18,211,59
,,,,,,,,,2018,10,havelock,June ,soybean,f,128,115.3,6/1/18,152,7/30/18,211,59
,,,,,,,,,2018,11,havelock,June ,soybean,f,98,12.9,6/1/18,152,7/23/18,204,52
,,,,,,,,,2018,12,havelock,June ,soybean,m,98,26.8,6/1/18,152,7/23/18,204,52
,,,,,,,,,2018,13,havelock,June ,soybean,m,183,119.1,6/1/18,152,7/30/18,211,59
,,,,,,,,,2018,14,havelock,June ,soybean,,,,,,,,
,,,,,,,,,2018,15,havelock,June ,soybean,,,,,,,,
,,,,,,,,,2018,16,havelock,June ,soybean,,,,,,,,
,,,,,,,,,2018,17,havelock,June ,soybean,,,,,,,,
,,,,,,,,,2018,18,havelock,June ,soybean,,,,,,,,
,,,,,,,,,2018,19,havelock,June ,soybean,,,,,,,,
,,,,,,,,,2018,20,havelock,June ,soybean,,,,,,,,
,,,,,,,,,2018,21,havelock,June ,soybean,,,,,,,,
,,,,,,,,,2018,22,havelock,June ,soybean,,,,,,,,
,,,,,,,,,2018,23,havelock,June ,soybean,,,,,,,,
,,,,,,,,,2018,24,havelock,June ,soybean,,,,,,,,
,,,,,,,,,2018,1,havelock,July,soybean,,,,,,,,
,,,,,,,,,2018,2,havelock,July,soybean,,,,,,,,
,,,,,,,,,2018,3,havelock,July,soybean,,,,,,,,
,,,,,,,,,2018,4,havelock,July,soybean,,,,,,,,
,,,,,,,,,2018,5,havelock,July,soybean,,,,,,,,
,,,,,,,,,2018,6,havelock,July,soybean,,,,,,,,
,,,,,,,,,2018,7,havelock,July,soybean,,,,,,,,
,,,,,,,,,2018,8,havelock,July,soybean,,,,,,,,
,,,,,,,,,2018,9,havelock,July,soybean,,,,,,,,
,,,,,,,,,2018,10,havelock,July,soybean,,,,,,,,
,,,,,,,,,2018,11,havelock,July,soybean,,,,,,,,
,,,,,,,,,2018,12,havelock,July,soybean,,,,,,,,
,,,,,,,,,2018,13,havelock,July,soybean,,,,,,,,
,,,,,,,,,2018,14,havelock,July,soybean,,,,,,,,
,,,,,,,,,2018,15,havelock,July,soybean,,,,,,,,
,,,,,,,,,2018,16,havelock,July,soybean,,,,,,,,
,,,,,,,,,2018,17,havelock,July,soybean,,,,,,,,
,,,,,,,,,2018,18,havelock,July,soybean,,,,,,,,
,,,,,,,,,2018,19,havelock,July,soybean,,,,,,,,
,,,,,,,,,2018,20,havelock,July,soybean,,,,,,,,
,,,,,,,,,2018,21,havelock,July,soybean,,,,,,,,
,,,,,,,,,2018,22,havelock,July,soybean,,,,,,,,
,,,,,,,,,2018,23,havelock,July,soybean,,,,,,,,
,,,,,,,,,2018,24,havelock,July,soybean,,,,,,,,
,,,,,,,,,2018,1,macomb,June ,fallow,m,64,66.8,6/1/18,152,7/3/18,184,32
,,,,,,,,,2018,2,macomb,June ,fallow,f,129.5,453.6,6/1/18,152,7/13/18,194,42
,,,,,,,,,2018,3,macomb,June ,fallow,f,69,110.4,6/1/18,152,7/5/18,186,34
,,,,,,,,,2018,4,macomb,June ,fallow,m,117.5,303.4,6/1/18,152,7/25/18,206,54
,,,,,,,,,2018,5,macomb,June ,fallow,f,144,938.7,6/1/18,152,7/17/18,198,46
,,,,,,,,,2018,6,macomb,June ,fallow,f,40,12.7,6/1/18,152,6/30/18,181,29
,,,,,,,,,2018,7,macomb,June ,fallow,m,143.5,327.5,6/1/18,152,7/16/18,197,45
,,,,,,,,,2018,8,macomb,June ,fallow,f,81,217.2,6/1/18,152,7/25/18,206,54
,,,,,,,,,2018,9,macomb,June ,fallow,f,105.2,249.3,6/1/18,152,7/16/18,197,45
,,,,,,,,,2018,10,macomb,June ,fallow,m,62,53.3,6/1/18,152,7/3/18,184,32
,,,,,,,,,2018,11,macomb,June ,fallow,m,117.5,295.1,6/1/18,152,7/13/18,194,42
,,,,,,,,,2018,12,macomb,June ,fallow,f,121,333.3,6/1/18,152,7/17/18,198,46
,,,,,,,,,2018,13,macomb,June ,fallow,f,120,803.6,6/1/18,152,7/21/18,202,50
,,,,,,,,,2018,14,macomb,June ,fallow,f,98,77.5,6/1/18,152,7/5/18,186,34
,,,,,,,,,2018,15,macomb,June ,fallow,m,92.5,75.7,6/1/18,152,7/9/18,190,38
,,,,,,,,,2018,16,macomb,June ,fallow,m,118,212.3,6/1/18,152,7/13/18,194,42
,,,,,,,,,2018,17,macomb,June ,fallow,m,66.5,36.1,6/1/18,152,7/3/18,184,32
,,,,,,,,,2018,18,macomb,June ,fallow,f,119,374.6,6/1/18,152,7/17/18,198,46
,,,,,,,,,2018,19,macomb,June ,fallow,f,127.4,185.5,6/1/18,152,7/16/18,197,45
,,,,,,,,,2018,20,macomb,June ,fallow,m,67.5,56.4,6/1/18,152,7/3/18,184,32
,,,,,,,,,2018,21,macomb,June ,fallow,m,125,532.1,6/1/18,152,7/13/18,194,42
,,,,,,,,,2018,22,macomb,June ,fallow,f,127,628.9,6/1/18,152,7/21/18,202,50
,,,,,,,,,2018,23,macomb,June ,fallow,m,91,136.5,6/1/18,152,7/9/18,190,38
,,,,,,,,,2018,24,macomb,June ,fallow,f,110,784.7,6/1/18,152,7/17/18,198,46
,,,,,,,,,2018,1,macomb,July,fallow,m,85,61.1,7/1/18,182,7/30/18,211,29
,,,,,,,,,2018,2,macomb,July,fallow,m,86.5,77.4,7/1/18,182,7/30/18,211,29
,,,,,,,,,2018,3,macomb,July,fallow,f,181.5,245.2,7/1/18,182,8/21/18,233,51
,,,,,,,,,2018,4,macomb,July,fallow,m,97.5,131.8,7/1/18,182,8/6/18,218,36
,,,,,,,,,2018,5,macomb,July,fallow,f,90,124.8,7/1/18,182,8/13/18,225,43
,,,,,,,,,2018,6,macomb,July,fallow,f,110,144.8,7/1/18,182,8/6/18,218,36
,,,,,,,,,2018,7,macomb,July,fallow,m,70,63,7/1/18,182,7/30/18,211,29
,,,,,,,,,2018,8,macomb,July,fallow,m,123,59.9,7/1/18,182,7/30/18,211,29
,,,,,,,,,2018,9,macomb,July,fallow,m,83.5,51.7,7/1/18,182,8/6/18,218,36
,,,,,,,,,2018,10,macomb,July,fallow,f,101,124.8,7/1/18,182,8/6/18,218,36
,,,,,,,,,2018,11,macomb,July,fallow,f,82,69.1,7/1/18,182,8/6/18,218,36
,,,,,,,,,2018,12,macomb,July,fallow,m,63,41.6,7/1/18,182,7/30/18,211,29
,,,,,,,,,2018,13,macomb,July,fallow,m,91,70.7,7/1/18,182,7/30/18,211,29
,,,,,,,,,2018,14,macomb,July,fallow,m,88.5,90.5,7/1/18,182,7/30/18,211,29
,,,,,,,,,2018,15,macomb,July,fallow,m,71,60.7,7/1/18,182,7/30/18,211,29
,,,,,,,,,2018,16,macomb,July,fallow,m,84,51.8,7/1/18,182,8/6/18,218,36
,,,,,,,,,2018,17,macomb,July,fallow,m,81.5,111.2,7/1/18,182,8/6/18,218,36
,,,,,,,,,2018,18,macomb,July,fallow,f,73.5,101.1,7/1/18,182,8/6/18,218,36
,,,,,,,,,2018,19,macomb,July,fallow,m,82,61.8,7/1/18,182,7/30/18,211,29
,,,,,,,,,2018,20,macomb,July,fallow,m,71,86.9,7/1/18,182,8/13/18,225,43
,,,,,,,,,2018,21,macomb,July,fallow,f,110,213.5,7/1/18,182,8/13/18,225,43
,,,,,,,,,2018,22,macomb,July,fallow,m,64,28.8,7/1/18,182,9/5/18,248,66
,,,,,,,,,2018,23,macomb,July,fallow,m,43,17.4,7/1/18,182,8/13/18,225,43
,,,,,,,,,2018,24,macomb,July,fallow,,,,,,,,
,,,,,,,,,2018,1,macomb,June ,corn,m,76,2.8,6/1/18,152,8/30/18,242,90
,,,,,,,,,2018,2,macomb,June ,corn,m,198,20.3,6/1/18,152,8/30/18,242,90
,,,,,,,,,2018,3,macomb,June ,corn,m,42,1.9,6/1/18,152,8/30/18,242,90
,,,,,,,,,2018,4,macomb,June ,corn,m,77.5,9.8,6/1/18,152,7/30/18,211,59
,,,,,,,,,2018,5,macomb,June ,corn,m,46,1.8,6/1/18,152,9/4/18,247,95
,,,,,,,,,2018,6,macomb,June ,corn,m,79,1.3,6/1/18,152,8/30/18,242,90
,,,,,,,,,2018,7,macomb,June ,corn,m,74,2.6,6/1/18,152,8/30/18,242,90
,,,,,,,,,2018,8,macomb,June ,corn,m,42,0.7,6/1/18,152,8/30/18,242,90
,,,,,,,,,2018,9,macomb,June ,corn,m,55,0.2,6/1/18,152,9/13/18,256,104
,,,,,,,,,2018,10,macomb,June ,corn,f,52,2,6/1/18,152,8/30/18,242,90
,,,,,,,,,2018,11,macomb,June ,corn,f,90,4.9,6/1/18,152,8/30/18,242,90
,,,,,,,,,2018,12,macomb,June ,corn,f,111,14.6,6/1/18,152,8/30/18,242,90
,,,,,,,,,2018,13,macomb,June ,corn,m,62,1.8,6/1/18,152,8/30/18,242,90
,,,,,,,,,2018,14,macomb,June ,corn,m,57,3.6,6/1/18,152,8/30/18,242,90
,,,,,,,,,2018,15,macomb,June ,corn,f,53,1.4,6/1/18,152,8/30/18,242,90
,,,,,,,,,2018,16,macomb,June ,corn,m,41,0.8,6/1/18,152,8/30/18,242,90
,,,,,,,,,2018,17,macomb,June ,corn,f,78,4.1,6/1/18,152,8/30/18,242,90
,,,,,,,,,2018,18,macomb,June ,corn,f,48,1.4,6/1/18,152,9/4/18,247,95
,,,,,,,,,2018,19,macomb,June ,corn,,,,,,,,
,,,,,,,,,2018,20,macomb,June ,corn,f,42,1.6,6/1/18,152,8/30/18,242,90
,,,,,,,,,2018,21,macomb,June ,corn,f,48,1.5,6/1/18,152,9/4/18,247,95
,,,,,,,,,2018,22,macomb,June ,corn,m,126,3.4,6/1/18,152,8/30/18,242,90
,,,,,,,,,2018,23,macomb,June ,corn,f,123,9.1,6/1/18,152,8/30/18,242,90
,,,,,,,,,2018,24,macomb,June ,corn,f,109,3.8,6/1/18,152,8/30/18,242,90
,,,,,,,,,2018,1,macomb,July,corn,f,19,0.4,7/1/18,182,9/5/18,248,66
,,,,,,,,,2018,2,macomb,July,corn,,,,,,,,
,,,,,,,,,2018,3,macomb,July,corn,,,,,,,,
,,,,,,,,,2018,4,macomb,July,corn,f,16,0.3,7/1/18,182,9/11/18,254,72
,,,,,,,,,2018,5,macomb,July,corn,,,,,,,,
,,,,,,,,,2018,6,macomb,July,corn,f,25,0.2,7/1/18,182,9/11/18,254,72
,,,,,,,,,2018,7,macomb,July,corn,,,,,,,,
,,,,,,,,,2018,8,macomb,July,corn,,,,,,,,
,,,,,,,,,2018,9,macomb,July,corn,,,,,,,,
,,,,,,,,,2018,10,macomb,July,corn,,,,,,,,
,,,,,,,,,2018,11,macomb,July,corn,,,,,,,,
,,,,,,,,,2018,12,macomb,July,corn,,,,,,,,
,,,,,,,,,2018,13,macomb,July,corn,,,,,,,,
,,,,,,,,,2018,14,macomb,July,corn,,,,,,,,
,,,,,,,,,2018,15,macomb,July,corn,,,,,,,,
,,,,,,,,,2018,16,macomb,July,corn,,,,,,,,
,,,,,,,,,2018,17,macomb,July,corn,,,,,,,,
,,,,,,,,,2018,18,macomb,July,corn,,,,,,,,
,,,,,,,,,2018,19,macomb,July,corn,f,32,0.4,7/1/18,182,9/11/18,254,72
,,,,,,,,,2018,20,macomb,July,corn,,,,,,,,
,,,,,,,,,2018,21,macomb,July,corn,,,,,,,,
,,,,,,,,,2018,22,macomb,July,corn,,,,,,,,
,,,,,,,,,2018,23,macomb,July,corn,,,,,,,,
,,,,,,,,,2018,24,macomb,July,corn,,,,,,,,
,,,,,,,,,2018,1,macomb,June ,soybean,f,80,11.3,6/1/18,152,7/3/18,184,32
,,,,,,,,,2018,2,macomb,June ,soybean,m,92.5,15,6/1/18,152,7/9/18,190,38
,,,,,,,,,2018,3,macomb,June ,soybean,m,103,15.9,6/1/18,152,7/21/18,202,50
,,,,,,,,,2018,4,macomb,June ,soybean,f,152,83.4,6/1/18,152,7/27/18,208,56
,,,,,,,,,2018,5,macomb,June ,soybean,m,88,24.6,6/1/18,152,7/9/18,190,38
,,,,,,,,,2018,6,macomb,June ,soybean,f,50,3.1,6/1/18,152,6/30/18,181,29
,,,,,,,,,2018,7,macomb,June ,soybean,f,125,98.4,6/1/18,152,7/21/18,202,50
,,,,,,,,,2018,8,macomb,June ,soybean,f,91.5,3.3,6/1/18,152,7/3/18,184,32
,,,,,,,,,2018,9,macomb,June ,soybean,m,79,2.9,6/1/18,152,7/9/18,190,38
,,,,,,,,,2018,10,macomb,June ,soybean,f,111,21.5,6/1/18,152,7/21/18,202,50
,,,,,,,,,2018,11,macomb,June ,soybean,m,45,6.5,6/1/18,152,7/30/18,211,59
,,,,,,,,,2018,12,macomb,June ,soybean,m,148,46.2,6/1/18,152,7/30/18,211,59
,,,,,,,,,2018,13,macomb,June ,soybean,f,98,3,6/1/18,152,8/13/18,225,73
,,,,,,,,,2018,14,macomb,June ,soybean,f,113,23.5,6/1/18,152,7/30/18,211,59
,,,,,,,,,2018,15,macomb,June ,soybean,f,26,21.9,6/1/18,152,8/13/18,225,73
,,,,,,,,,2018,16,macomb,June ,soybean,m,118,29.4,6/1/18,152,7/30/18,211,59
,,,,,,,,,2018,17,macomb,June ,soybean,m,72.5,5.4,6/1/18,152,7/3/18,184,32
,,,,,,,,,2018,18,macomb,June ,soybean,f,65,4.4,6/1/18,152,8/30/18,242,90
,,,,,,,,,2018,19,macomb,June ,soybean,,,,,,,,
,,,,,,,,,2018,20,macomb,June ,soybean,f,131,20.7,6/1/18,152,7/30/18,211,59
,,,,,,,,,2018,21,macomb,June ,soybean,f,127.5,32.7,6/1/18,152,8/13/18,225,73
,,,,,,,,,2018,22,macomb,June ,soybean,m,64,4.8,6/1/18,152,7/3/18,184,32
,,,,,,,,,2018,23,macomb,June ,soybean,f,126.5,23.9,6/1/18,152,7/30/18,211,59
,,,,,,,,,2018,24,macomb,June ,soybean,m,119,10.2,6/1/18,152,8/21/18,233,81
,,,,,,,,,2018,1,macomb,July,soybean,,,,,,,,
,,,,,,,,,2018,2,macomb,July,soybean,,,,,,,,
,,,,,,,,,2018,3,macomb,July,soybean,,,,,,,,
,,,,,,,,,2018,4,macomb,July,soybean,,,,,,,,
,,,,,,,,,2018,5,macomb,July,soybean,,,,,,,,
,,,,,,,,,2018,6,macomb,July,soybean,,,,,,,,
,,,,,,,,,2018,7,macomb,July,soybean,f,25,0.5,7/1/18,182,9/11/18,254,72
,,,,,,,,,2018,8,macomb,July,soybean,,,,,,,,
,,,,,,,,,2018,9,macomb,July,soybean,,,,,,,,
,,,,,,,,,2018,10,macomb,July,soybean,m,28,0.3,7/1/18,182,8/30/18,242,60
,,,,,,,,,2018,11,macomb,July,soybean,m,30,0.4,7/1/18,182,9/11/18,254,72
,,,,,,,,,2018,12,macomb,July,soybean,f,25,0.2,7/1/18,182,9/17/18,260,78
,,,,,,,,,2018,13,macomb,July,soybean,,,,,,,,
,,,,,,,,,2018,14,macomb,July,soybean, m,11,0.1,7/1/18,182,8/30/18,242,60
,,,,,,,,,2018,15,macomb,July,soybean,m,9,0.2,7/1/18,182,8/30/18,242,60
,,,,,,,,,2018,16,macomb,July,soybean,,,,,,,,
,,,,,,,,,2018,17,macomb,July,soybean,,,,,,,,
,,,,,,,,,2018,18,macomb,July,soybean,,,,,,,,
,,,,,,,,,2018,19,macomb,July,soybean,,,,,,,,
,,,,,,,,,2018,20,macomb,July,soybean,,,,,,,,
,,,,,,,,,2018,21,macomb,July,soybean,,,,,,,,
,,,,,,,,,2018,22,macomb,July,soybean,m,24,0.2,7/1/18,182,8/30/18,242,60
,,,,,,,,,2018,23,macomb,July,soybean,m,25,0.5,7/1/18,182,8/30/18,242,60
,,,,,,,,,2018,24,macomb,July,soybean,,,,,,,,
,,,,,,,,,2019,1,arlington,June ,fallow,m,19,1,6/1/19,152,24-Jun,175,23
,,,,,,,,,2019,2,arlington,June ,fallow,m,30,2,6/1/19,152,24-Jun,175,23
,,,,,,,,,2019,3,arlington,June ,fallow,m,13,1,6/1/19,152,24-Jun,175,23
,,,,,,,,,2019,4,arlington,June ,fallow,m,23,2,6/1/19,152,24-Jun,175,23
,,,,,,,,,2019,5,arlington,June ,fallow,m,15,1,6/1/19,152,25-Jun,176,24
,,,,,,,,,2019,6,arlington,June ,fallow,m,20,3,6/1/19,152,25-Jun,176,24
,,,,,,,,,2019,7,arlington,June ,fallow,m,28,2,6/1/19,152,25-Jun,176,24
,,,,,,,,,2019,8,arlington,June ,fallow,m,41,7.9,6/1/19,152,1-Jul,182,30
,,,,,,,,,2019,9,arlington,June ,fallow,m,33,10.1,6/1/19,152,3-Jul,184,32
,,,,,,,,,2019,10,arlington,June ,fallow,m,36,11.6,6/1/19,152,3-Jul,184,32
,,,,,,,,,2019,11,arlington,June ,fallow,m,38,19.2,6/1/19,152,3-Jul,184,32
,,,,,,,,,2019,12,arlington,June ,fallow,m,44,21,6/1/19,152,11-Jul,192,40
,,,,,,,,,2019,13,arlington,June ,fallow,f,98,21.4,6/1/19,152,11-Jul,192,40
,,,,,,,,,2019,14,arlington,June ,fallow,m,50,98.4,6/1/19,152,11-Jul,192,40
,,,,,,,,,2019,15,arlington,June ,fallow,f,76,46,6/1/19,152,11-Jul,192,40
,,,,,,,,,2019,16,arlington,June ,fallow,m,73,69.2,6/1/19,152,11-Jul,192,40
,,,,,,,,,2019,17,arlington,June ,fallow,f,56,53.6,6/1/19,152,11-Jul,192,40
,,,,,,,,,2019,18,arlington,June ,fallow,m,95,110.9,6/1/19,152,15-Jul,196,44
,,,,,,,,,2019,19,arlington,June ,fallow,f,105,555,6/1/19,152,5-Aug,217,65
,,,,,,,,,2019,20,arlington,June ,fallow,f,130,780.4,6/1/19,152,5-Aug,217,65
,,,,,,,,,2019,21,arlington,June ,fallow,f,148,1099.2,6/1/19,152,5-Aug,217,65
,,,,,,,,,2019,22,arlington,June ,fallow,m,25,4,6/1/19,152,24-Jun,175,23
,,,,,,,,,2019,23,arlington,June ,fallow,m,27,1,6/1/19,152,24-Jun,175,23
,,,,,,,,,2019,24,arlington,June ,fallow,m,28,4,6/1/19,152,25-Jun,176,24
,,,,,,,,,2019,1,arlington,June ,soybean,m,18,1,6/1/19,152,25-Jun,176,24
,,,,,,,,,2019,2,arlington,June ,soybean,m,23,2,6/1/19,152,25-Jun,176,24
,,,,,,,,,2019,3,arlington,June ,soybean,f,51,12.8,6/1/19,152,1-Jul,182,30
,,,,,,,,,2019,4,arlington,June ,soybean,m,26,3.9,6/1/19,152,1-Jul,182,30
,,,,,,,,,2019,5,arlington,June ,soybean,m,28,7.4,6/1/19,152,1-Jul,182,30
,,,,,,,,,2019,6,arlington,June ,soybean,f,66,31.8,6/1/19,152,3-Jul,184,32
,,,,,,,,,2019,7,arlington,June ,soybean,f,33,2.3,6/1/19,152,3-Jul,184,32
,,,,,,,,,2019,8,arlington,June ,soybean,f,72,41.4,6/1/19,152,11-Jul,192,40
,,,,,,,,,2019,9,arlington,June ,soybean,f,63,25.6,6/1/19,152,11-Jul,192,40
,,,,,,,,,2019,10,arlington,June ,soybean,f,94,29.7,6/1/19,152,11-Jul,192,40
,,,,,,,,,2019,11,arlington,June ,soybean,f,88,51.8,6/1/19,152,11-Jul,192,40
,,,,,,,,,2019,12,arlington,June ,soybean,f,40,8.7,6/1/19,152,11-Jul,192,40
,,,,,,,,,2019,13,arlington,June ,soybean,m,87,46.7,6/1/19,152,11-Jul,192,40
,,,,,,,,,2019,14,arlington,June ,soybean,f,61,17.5,6/1/19,152,11-Jul,192,40
,,,,,,,,,2019,15,arlington,June ,soybean,m,53,10,6/1/19,152,11-Jul,192,40
,,,,,,,,,2019,16,arlington,June ,soybean,f,104,89.6,6/1/19,152,15-Jul,196,44
,,,,,,,,,2019,17,arlington,June ,soybean,m,19,21.3,6/1/19,152,15-Jul,196,44
,,,,,,,,,2019,18,arlington,June ,soybean,m,70,39.6,6/1/19,152,15-Jul,196,44
,,,,,,,,,2019,19,arlington,June ,soybean,f,100,39.4,6/1/19,152,22-Jul,203,51
,,,,,,,,,2019,20,arlington,June ,soybean,m,90,112.1,6/1/19,152,22-Jul,203,51
,,,,,,,,,2019,21,arlington,June ,soybean,f,167,164,6/1/19,152,5-Aug,217,65
,,,,,,,,,2019,22,arlington,June ,soybean,,,,,,,,
,,,,,,,,,2019,23,arlington,June ,soybean,,,,,,,,
,,,,,,,,,2019,24,arlington,June ,soybean,,,,,,,,
,,,,,,,,,2019,1,arlington,June ,corn,m,28,3,6/1/19,152,24-Jun,175,23
,,,,,,,,,2019,2,arlington,June ,corn,m,18,3,6/1/19,152,24-Jun,175,23
,,,,,,,,,2019,3,arlington,June ,corn,m,28,3,6/1/19,152,25-Jun,176,24
,,,,,,,,,2019,4,arlington,June ,corn,m,15,1,6/1/19,152,25-Jun,176,24
,,,,,,,,,2019,5,arlington,June ,corn,m,13,3,6/1/19,152,25-Jun,176,24
,,,,,,,,,2019,6,arlington,June ,corn,f,43,9.7,6/1/19,152,3-Jul,184,32
,,,,,,,,,2019,7,arlington,June ,corn,m,112,27.8,6/1/19,152,11-Jul,192,40
,,,,,,,,,2019,8,arlington,June ,corn,m,117,44.3,6/1/19,152,11-Jul,192,40
,,,,,,,,,2019,9,arlington,June ,corn,m,77,28.4,6/1/19,152,11-Jul,192,40
,,,,,,,,,2019,10,arlington,June ,corn,m,73,4.9,6/1/19,152,11-Jul,192,40
,,,,,,,,,2019,11,arlington,June ,corn,m,100,24.6,6/1/19,152,11-Jul,192,40
,,,,,,,,,2019,12,arlington,June ,corn,f,104,20.8,6/1/19,152,11-Jul,192,40
,,,,,,,,,2019,13,arlington,June ,corn,f,107,28,6/1/19,152,11-Jul,192,40
,,,,,,,,,2019,14,arlington,June ,corn,m,86,14.6,6/1/19,152,11-Jul,192,40
,,,,,,,,,2019,15,arlington,June ,corn,f,95,26.8,6/1/19,152,11-Jul,192,40
,,,,,,,,,2019,16,arlington,June ,corn,f,130,57.8,6/1/19,152,11-Jul,192,40
,,,,,,,,,2019,17,arlington,June ,corn,f,87,28.8,6/1/19,152,11-Jul,192,40
,,,,,,,,,2019,18,arlington,June ,corn,m,97,16.7,6/1/19,152,11-Jul,192,40
,,,,,,,,,2019,19,arlington,June ,corn,m,105,27.2,6/1/19,152,15-Jul,196,44
,,,,,,,,,2019,20,arlington,June ,corn,m,91,9.1,6/1/19,152,15-Jul,196,44
,,,,,,,,,2019,21,arlington,June ,corn,m,144,62.4,6/1/19,152,15-Jul,196,44
,,,,,,,,,2019,22,arlington,June ,corn,m,122,28.7,6/1/19,152,16-Jul,197,45
,,,,,,,,,2019,23,arlington,June ,corn,f,109,8.1,6/1/19,152,19-Jul,200,48
,,,,,,,,,2019,24,arlington,June ,corn,,,,,,,,
,,,,,,,,,2019,1,arlington,July,fallow,m,39,18.2,7/1/19,182,16-Jul,197,15
,,,,,,,,,2019,2,arlington,July,fallow,f,62,30.1,7/1/19,182,22-Jul,203,21
,,,,,,,,,2019,3,arlington,July,fallow,m,23,9.3,7/1/19,182,15-Jul,196,14
,,,,,,,,,2019,4,arlington,July,fallow,m,36,9.5,7/1/19,182,15-Jul,196,14
,,,,,,,,,2019,5,arlington,July,fallow,f,55,41.4,7/1/19,182,22-Jul,203,21
,,,,,,,,,2019,6,arlington,July,fallow,f,70,54.8,7/1/19,182,22-Jul,203,21
,,,,,,,,,2019,7,arlington,July,fallow,m,65,64.5,7/1/19,182,22-Jul,203,21
,,,,,,,,,2019,8,arlington,July,fallow,m,45,9.6,7/1/19,182,16-Jul,197,15
,,,,,,,,,2019,9,arlington,July,fallow,m,62,57.4,7/1/19,182,22-Jul,203,21
,,,,,,,,,2019,10,arlington,July,fallow,m,9,49.4,7/1/19,182,22-Jul,203,21
,,,,,,,,,2019,11,arlington,July,fallow,f,115,213.8,7/1/19,182,2-Aug,214,32
,,,,,,,,,2019,12,arlington,July,fallow,f,95,165.3,7/1/19,182,2-Aug,214,32
,,,,,,,,,2019,13,arlington,July,fallow,m,102,166,7/1/19,182,2-Aug,214,32
,,,,,,,,,2019,14,arlington,July,fallow,m,77,103.8,7/1/19,182,5-Aug,217,35
,,,,,,,,,2019,15,arlington,July,fallow,f,114,480,7/1/19,182,9-Aug,221,39
,,,,,,,,,2019,16,arlington,July,fallow,f,125,652.85,7/1/19,182,8/16/19,228,46
,,,,,,,,,2019,17,arlington,July,fallow,f,138,842.53,7/1/19,182,8/16/19,228,46
,,,,,,,,,2019,18,arlington,July,fallow,f,100,524.77,7/1/19,182,8/16/19,228,46
,,,,,,,,,2019,19,arlington,July,fallow,f,80,240.53,7/1/19,182,8/16/19,228,46
,,,,,,,,,2019,20,arlington,July,fallow,,,,,,,,
,,,,,,,,,2019,21,arlington,July,fallow,,,,,,,,
,,,,,,,,,2019,22,arlington,July,fallow,,,,,,,,
,,,,,,,,,2019,23,arlington,July,fallow,,,,,,,,
,,,,,,,,,2019,24,arlington,July,fallow,,,,,,,,
,,,,,,,,,2019,1,arlington,July,soybean,m,47,4.7,7/1/19,182,15-Jul,196,14
,,,,,,,,,2019,2,arlington,July,soybean,m,51,5.2,7/1/19,182,15-Jul,196,14
,,,,,,,,,2019,3,arlington,July,soybean,f,4,5.6,7/1/19,182,22-Jul,203,21
,,,,,,,,,2019,4,arlington,July,soybean,m,60,4.7,7/1/19,182,22-Jul,203,21
,,,,,,,,,2019,5,arlington,July,soybean,m,68,5.4,7/1/19,182,22-Jul,203,21
,,,,,,,,,2019,6,arlington,July,soybean,f,95,14.4,7/1/19,182,2-Aug,214,32
,,,,,,,,,2019,7,arlington,July,soybean,f,95,16.1,7/1/19,182,2-Aug,214,32
,,,,,,,,,2019,8,arlington,July,soybean,f,73,7.9,7/1/19,182,5-Aug,217,35
,,,,,,,,,2019,9,arlington,July,soybean,m,91,8.4,7/1/19,182,5-Aug,217,35
,,,,,,,,,2019,10,arlington,July,soybean,f,107,39.7,7/1/19,182,5-Aug,217,35
,,,,,,,,,2019,11,arlington,July,soybean,f,100,39.7,7/1/19,182,5-Aug,217,35
,,,,,,,,,2019,12,arlington,July,soybean,f,100,7.9,7/1/19,182,5-Aug,217,35
,,,,,,,,,2019,13,arlington,July,soybean,f,90,6.4,7/1/19,182,5-Aug,217,35
,,,,,,,,,2019,14,arlington,July,soybean,f,80,4,7/1/19,182,5-Aug,217,35
,,,,,,,,,2019,15,arlington,July,soybean,f,102,18.5,7/1/19,182,5-Aug,217,35
,,,,,,,,,2019,16,arlington,July,soybean,f,84,8.7,7/1/19,182,5-Aug,217,35
,,,,,,,,,2019,17,arlington,July,soybean,f,100,14.1,7/1/19,182,9-Aug,221,39
,,,,,,,,,2019,18,arlington,July,soybean,m,49,4.3,7/1/19,182,15-Aug,227,45
,,,,,,,,,2019,19,arlington,July,soybean,f,125,15.29,7/1/19,182,8/21/19,233,51
,,,,,,,,,2019,20,arlington,July,soybean,f,150,37.61,7/1/19,182,16-Aug,228,46
,,,,,,,,,2019,21,arlington,July,soybean,,,,,,,,
,,,,,,,,,2019,22,arlington,July,soybean,,,,,,,,
,,,,,,,,,2019,23,arlington,July,soybean,,,,,,,,
,,,,,,,,,2019,24,arlington,July,soybean,,,,,,,,
,,,,,,,,,2019,1,arlington,July,corn,m,69,1.8,7/1/19,182,22-Jul,203,21
,,,,,,,,,2019,2,arlington,July,corn,m,60,1.5,7/1/19,182,22-Jul,203,21
,,,,,,,,,2019,3,arlington,July,corn,m,58,1.4,7/1/19,182,22-Jul,203,21
,,,,,,,,,2019,4,arlington,July,corn,m,93,3.2,7/1/19,182,22-Jul,203,21
,,,,,,,,,2019,5,arlington,July,corn,f,35,1.5,7/1/19,182,5-Aug,217,35
,,,,,,,,,2019,6,arlington,July,corn,f,90,3.2,7/1/19,182,5-Aug,217,35
,,,,,,,,,2019,7,arlington,July,corn,f,88,30.8,7/1/19,182,5-Aug,217,35
,,,,,,,,,2019,8,arlington,July,corn,m,89,26.6,7/1/19,182,5-Aug,217,35
,,,,,,,,,2019,9,arlington,July,corn,m,83,27.3,7/1/19,182,5-Aug,217,35
,,,,,,,,,2019,10,arlington,July,corn,m,130,5.9,7/1/19,182,5-Aug,217,35
,,,,,,,,,2019,11,arlington,July,corn,f,62,1.7,7/1/19,182,5-Aug,217,35
,,,,,,,,,2019,12,arlington,July,corn,m,120,5.87,7/1/19,182,8/16/19,228,46
,,,,,,,,,2019,13,arlington,July,corn,m,76,2.7,7/1/19,182,8/21/19,233,51
,,,,,,,,,2019,14,arlington,July,corn,f,93,5.88,7/1/19,182,8/16/19,228,46
,,,,,,,,,2019,15,arlington,July,corn,m,156,4.63,7/1/19,182,8/21/19,233,51
,,,,,,,,,2019,16,arlington,July,corn,m,162,9.31,7/1/19,182,8/21/19,233,51
,,,,,,,,,2019,17,arlington,July,corn,m,105,6.31,7/1/19,182,21-Aug,233,51
,,,,,,,,,2019,18,arlington,July,corn,,,,,,,,
,,,,,,,,,2019,19,arlington,July,corn,,,,,,,,
,,,,,,,,,2019,20,arlington,July,corn,,,,,,,,
,,,,,,,,,2019,21,arlington,July,corn,,,,,,,,
,,,,,,,,,2019,22,arlington,July,corn,,,,,,,,
,,,,,,,,,2019,23,arlington,July,corn,,,,,,,,
,,,,,,,,,2019,24,arlington,July,corn,,,,,,,,
,,,,,,,,,2019,1,grant,June ,fallow,m,,8.7,5-Jun,156,6-Jul,187,31
,,,,,,,,,2019,2,grant,June ,fallow,f,,172.3,5-Jun,156,6-Jul,187,31
,,,,,,,,,2019,3,grant,June ,fallow,m,,9.3,5-Jun,156,6-Jul,187,31
,,,,,,,,,2019,4,grant,June ,fallow,m,,44.8,5-Jun,156,6-Jul,187,31
,,,,,,,,,2019,5,grant,June ,fallow,m,,55.1,5-Jun,156,6-Jul,187,31
,,,,,,,,,2019,6,grant,June ,fallow,f,,85.7,5-Jun,156,6-Jul,187,31
,,,,,,,,,2019,7,grant,June ,fallow,m,,178.3,5-Jun,156,6-Jul,187,31
,,,,,,,,,2019,8,grant,June ,fallow,,,,,,,,
,,,,,,,,,2019,9,grant,June ,fallow,,,,,,,,
,,,,,,,,,2019,10,grant,June ,fallow,,,,,,,,
,,,,,,,,,2019,11,grant,June ,fallow,,,,,,,,
,,,,,,,,,2019,12,grant,June ,fallow,,,,,,,,
,,,,,,,,,2019,13,grant,June ,fallow,,,,,,,,
,,,,,,,,,2019,14,grant,June ,fallow,,,,,,,,
,,,,,,,,,2019,15,grant,June ,fallow,,,,,,,,
,,,,,,,,,2019,16,grant,June ,fallow,,,,,,,,
,,,,,,,,,2019,17,grant,June ,fallow,,,,,,,,
,,,,,,,,,2019,18,grant,June ,fallow,,,,,,,,
,,,,,,,,,2019,19,grant,June ,fallow,,,,,,,,
,,,,,,,,,2019,20,grant,June ,fallow,,,,,,,,
,,,,,,,,,2019,21,grant,June ,fallow,,,,,,,,
,,,,,,,,,2019,22,grant,June ,fallow,,,,,,,,
,,,,,,,,,2019,23,grant,June ,fallow,,,,,,,,
,,,,,,,,,2019,24,grant,June ,fallow,,,,,,,,
,,,,,,,,,2019,1,grant,June ,soybean,m,,16.4,5-Jun,156,6-Jul,187,31
,,,,,,,,,2019,2,grant,June ,soybean,m,,36.5,5-Jun,156,6-Jul,187,31
,,,,,,,,,2019,3,grant,June ,soybean,m,,55.2,5-Jun,156,6-Jul,187,31
,,,,,,,,,2019,4,grant,June ,soybean,m,,51.3,5-Jun,156,6-Jul,187,31
,,,,,,,,,2019,5,grant,June ,soybean,m,,74.5,5-Jun,156,6-Jul,187,31
,,,,,,,,,2019,6,grant,June ,soybean,m,,11.6,5-Jun,156,6-Jul,187,31
,,,,,,,,,2019,7,grant,June ,soybean,,,12.3,5-Jun,156,6-Jul,187,31
,,,,,,,,,2019,8,grant,June ,soybean,m,,127.9,5-Jun,156,6-Jul,187,31
,,,,,,,,,2019,9,grant,June ,soybean,f,,18.7,5-Jun,156,6-Jul,187,31
,,,,,,,,,2019,10,grant,June ,soybean,m,,40.2,5-Jun,156,6-Jul,187,31
,,,,,,,,,2019,11,grant,June ,soybean,,,,,,,,
,,,,,,,,,2019,12,grant,June ,soybean,,,,,,,,
,,,,,,,,,2019,13,grant,June ,soybean,,,,,,,,
,,,,,,,,,2019,14,grant,June ,soybean,,,,,,,,
,,,,,,,,,2019,15,grant,June ,soybean,,,,,,,,
,,,,,,,,,2019,16,grant,June ,soybean,,,,,,,,
,,,,,,,,,2019,17,grant,June ,soybean,,,,,,,,
,,,,,,,,,2019,18,grant,June ,soybean,,,,,,,,
,,,,,,,,,2019,19,grant,June ,soybean,,,,,,,,
,,,,,,,,,2019,20,grant,June ,soybean,,,,,,,,
,,,,,,,,,2019,21,grant,June ,soybean,,,,,,,,
,,,,,,,,,2019,22,grant,June ,soybean,,,,,,,,
,,,,,,,,,2019,23,grant,June ,soybean,,,,,,,,
,,,,,,,,,2019,24,grant,June ,soybean,,,,,,,,
,,,,,,,,,2019,1,grant,June ,corn,m,,36.4,5-Jun,156,6-Jul,187,31
,,,,,,,,,2019,2,grant,June ,corn,,,,,,,,
,,,,,,,,,2019,3,grant,June ,corn,,,,,,,,
,,,,,,,,,2019,4,grant,June ,corn,,,,,,,,
,,,,,,,,,2019,5,grant,June ,corn,,,,,,,,
,,,,,,,,,2019,6,grant,June ,corn,,,,,,,,
,,,,,,,,,2019,7,grant,June ,corn,,,,,,,,
,,,,,,,,,2019,8,grant,June ,corn,,,,,,,,
,,,,,,,,,2019,9,grant,June ,corn,,,,,,,,
,,,,,,,,,2019,10,grant,June ,corn,,,,,,,,
,,,,,,,,,2019,11,grant,June ,corn,,,,,,,,
,,,,,,,,,2019,12,grant,June ,corn,,,,,,,,
,,,,,,,,,2019,13,grant,June ,corn,,,,,,,,
,,,,,,,,,2019,14,grant,June ,corn,,,,,,,,
,,,,,,,,,2019,15,grant,June ,corn,,,,,,,,
,,,,,,,,,2019,16,grant,June ,corn,,,,,,,,
,,,,,,,,,2019,17,grant,June ,corn,,,,,,,,
,,,,,,,,,2019,18,grant,June ,corn,,,,,,,,
,,,,,,,,,2019,19,grant,June ,corn,,,,,,,,
,,,,,,,,,2019,20,grant,June ,corn,,,,,,,,
,,,,,,,,,2019,21,grant,June ,corn,,,,,,,,
,,,,,,,,,2019,22,grant,June ,corn,,,,,,,,
,,,,,,,,,2019,23,grant,June ,corn,,,,,,,,
,,,,,,,,,2019,24,grant,June ,corn,,,,,,,,
,,,,,,,,,2019,1,grant,July,fallow,,,,,,,,
,,,,,,,,,2019,2,grant,July,fallow,,,,,,,,
,,,,,,,,,2019,3,grant,July,fallow,,,,,,,,
,,,,,,,,,2019,4,grant,July,fallow,,,,,,,,
,,,,,,,,,2019,5,grant,July,fallow,,,,,,,,
,,,,,,,,,2019,6,grant,July,fallow,,,,,,,,
,,,,,,,,,2019,7,grant,July,fallow,,,,,,,,
,,,,,,,,,2019,8,grant,July,fallow,,,,,,,,
,,,,,,,,,2019,9,grant,July,fallow,,,,,,,,
,,,,,,,,,2019,10,grant,July,fallow,,,,,,,,
,,,,,,,,,2019,11,grant,July,fallow,,,,,,,,
,,,,,,,,,2019,12,grant,July,fallow,,,,,,,,
,,,,,,,,,2019,13,grant,July,fallow,,,,,,,,
,,,,,,,,,2019,14,grant,July,fallow,,,,,,,,
,,,,,,,,,2019,15,grant,July,fallow,,,,,,,,
,,,,,,,,,2019,16,grant,July,fallow,,,,,,,,
,,,,,,,,,2019,17,grant,July,fallow,,,,,,,,
,,,,,,,,,2019,18,grant,July,fallow,,,,,,,,
,,,,,,,,,2019,19,grant,July,fallow,,,,,,,,
,,,,,,,,,2019,20,grant,July,fallow,,,,,,,,
,,,,,,,,,2019,21,grant,July,fallow,,,,,,,,
,,,,,,,,,2019,22,grant,July,fallow,,,,,,,,
,,,,,,,,,2019,23,grant,July,fallow,,,,,,,,
,,,,,,,,,2019,24,grant,July,fallow,,,,,,,,
,,,,,,,,,2019,1,grant,July,soybean,m,,2.3,7/2/19,183,7/31/19,212,29
,,,,,,,,,2019,2,grant,July,soybean,f,,7,7/2/19,183,7/31/19,212,29
,,,,,,,,,2019,3,grant,July,soybean,f,,2.5,7/2/19,183,7/31/19,212,29
,,,,,,,,,2019,4,grant,July,soybean,m,,5.7,7/2/19,183,7/31/19,212,29
,,,,,,,,,2019,5,grant,July,soybean,m,,2.5,7/2/19,183,7/31/19,212,29
,,,,,,,,,2019,6,grant,July,soybean,m,,11.4,7/2/19,183,7/31/19,212,29
,,,,,,,,,2019,7,grant,July,soybean,m,,5.1,7/2/19,183,7/31/19,212,29
,,,,,,,,,2019,8,grant,July,soybean,m,,3.3,7/2/19,183,7/31/19,212,29
,,,,,,,,,2019,9,grant,July,soybean,m,,2.4,7/2/19,183,7/31/19,212,29
,,,,,,,,,2019,10,grant,July,soybean,,,,,,,,
,,,,,,,,,2019,11,grant,July,soybean,,,,,,,,
,,,,,,,,,2019,12,grant,July,soybean,,,,,,,,
,,,,,,,,,2019,13,grant,July,soybean,,,,,,,,
,,,,,,,,,2019,14,grant,July,soybean,,,,,,,,
,,,,,,,,,2019,15,grant,July,soybean,,,,,,,,
,,,,,,,,,2019,16,grant,July,soybean,,,,,,,,
,,,,,,,,,2019,17,grant,July,soybean,,,,,,,,
,,,,,,,,,2019,18,grant,July,soybean,,,,,,,,
,,,,,,,,,2019,19,grant,July,soybean,,,,,,,,
,,,,,,,,,2019,20,grant,July,soybean,,,,,,,,
,,,,,,,,,2019,21,grant,July,soybean,,,,,,,,
,,,,,,,,,2019,22,grant,July,soybean,,,,,,,,
,,,,,,,,,2019,23,grant,July,soybean,,,,,,,,
,,,,,,,,,2019,24,grant,July,soybean,,,,,,,,
,,,,,,,,,2019,1,grant,July,corn,f,,1,7/2/19,183,7/31/19,212,29
,,,,,,,,,2019,2,grant,July,corn,m,,2.7,7/2/19,183,7/31/19,212,29
,,,,,,,,,2019,3,grant,July,corn,f,,1.2,7/2/19,183,7/31/19,212,29
,,,,,,,,,2019,4,grant,July,corn,m,,1.6,7/2/19,183,7/31/19,212,29
,,,,,,,,,2019,5,grant,July,corn,m,,3,7/2/19,183,7/31/19,212,29
,,,,,,,,,2019,6,grant,July,corn,f,,1.5,7/2/19,183,7/31/19,212,29
,,,,,,,,,2019,7,grant,July,corn,f,,1.6,7/2/19,183,7/31/19,212,29
,,,,,,,,,2019,8,grant,July,corn,f,,3.5,7/2/19,183,7/31/19,212,29
,,,,,,,,,2019,9,grant,July,corn,m,,2,7/2/19,183,7/31/19,212,29
,,,,,,,,,2019,10,grant,July,corn,f,,1.8,7/2/19,183,7/31/19,212,29
,,,,,,,,,2019,11,grant,July,corn,f,,1.1,7/2/19,183,7/31/19,212,29
,,,,,,,,,2019,12,grant,July,corn,m,,1.5,7/2/19,183,7/31/19,212,29
,,,,,,,,,2019,13,grant,July,corn,f,,2,7/2/19,183,7/31/19,212,29
,,,,,,,,,2019,14,grant,July,corn,,,,,,,,
,,,,,,,,,2019,15,grant,July,corn,,,,,,,,
,,,,,,,,,2019,16,grant,July,corn,,,,,,,,
,,,,,,,,,2019,17,grant,July,corn,,,,,,,,
,,,,,,,,,2019,18,grant,July,corn,,,,,,,,
,,,,,,,,,2019,19,grant,July,corn,,,,,,,,
,,,,,,,,,2019,20,grant,July,corn,,,,,,,,
,,,,,,,,,2019,21,grant,July,corn,,,,,,,,
,,,,,,,,,2019,22,grant,July,corn,,,,,,,,
,,,,,,,,,2019,23,grant,July,corn,,,,,,,,
,,,,,,,,,2019,24,grant,July,corn,,,,,,,,
,,,,,,,,,2019,1,clay center,June ,fallow,,22.5,5.4,6/1/19,152,3-Jul,184,32
,,,,,,,,,2019,2,clay center,June ,fallow,,138,447.95,6/1/19,152,30-Jul,211,59
,,,,,,,,,2019,3,clay center,June ,fallow,,120,963.35,6/1/19,152,30-Jul,211,59
,,,,,,,,,2019,4,clay center,June ,fallow,,184,796.4,6/1/19,152,5-Aug,217,65
,,,,,,,,,2019,5,clay center,June ,fallow,,132,476.95,6/1/19,152,15-Jul,196,44
,,,,,,,,,2019,6,clay center,June ,fallow,,,,,,,,
,,,,,,,,,2019,7,clay center,June ,fallow,,114.5,244.6,6/1/19,152,15-Jul,196,44
,,,,,,,,,2019,8,clay center,June ,fallow,,149,981.7,6/1/19,152,5-Aug,217,65
,,,,,,,,,2019,9,clay center,June ,fallow,,181,1200.65,6/1/19,152,5-Aug,217,65
,,,,,,,,,2019,10,clay center,June ,fallow,,178,1406.6,6/1/19,152,30-Jul,211,59
,,,,,,,,,2019,11,clay center,June ,fallow,,171.5,1259.6,6/1/19,152,30-Jul,211,59
,,,,,,,,,2019,12,clay center,June ,fallow,,112.5,388.55,6/1/19,152,15-Jul,196,44
,,,,,,,,,2019,13,clay center,June ,fallow,,141,1041.5,6/1/19,152,16-Aug,228,76
,,,,,,,,,2019,14,clay center,June ,fallow,,5,0.1,6/1/19,152,12-Jun,163,11
,,,,,,,,,2019,15,clay center,June ,fallow,,17,1.5,6/1/19,152,19-Jun,170,18
,,,,,,,,,2019,16,clay center,June ,fallow,,141,730.5,6/1/19,152,30-Jul,211,59
,,,,,,,,,2019,17,clay center,June ,fallow,,105,415.9,6/1/19,152,30-Jul,211,59
,,,,,,,,,2019,18,clay center,June ,fallow,,171,464.65,6/1/19,152,30-Jul,211,59
,,,,,,,,,2019,19,clay center,June ,fallow,,135.5,1455.3,6/1/19,152,8-Aug,220,68
,,,,,,,,,2019,20,clay center,June ,fallow,,201,1201.7,6/1/19,152,30-Jul,211,59
,,,,,,,,,2019,21,clay center,June ,fallow,,200,1369.35,6/1/19,152,30-Jul,211,59
,,,,,,,,,2019,22,clay center,June ,fallow,,24,8.5,6/1/19,152,28-Jun,179,27
,,,,,,,,,2019,23,clay center,June ,fallow,,28.5,10,6/1/19,152,28-Jun,179,27
,,,,,,,,,2019,24,clay center,June ,fallow,,90,279.55,6/1/19,152,15-Jul,196,44
,,,,,,,,,2019,1,clay center,July,fallow,,91,167.25,7/1/19,182,30-Jul,211,29
,,,,,,,,,2019,2,clay center,July,fallow,,84,157.55,7/1/19,182,30-Jul,211,29
,,,,,,,,,2019,3,clay center,July,fallow,,137,514.85,7/1/19,182,13-Aug,225,43
,,,,,,,,,2019,4,clay center,July,fallow,,102,161,7/1/19,182,30-Jul,211,29
,,,,,,,,,2019,5,clay center,July,fallow,,84,160.75,7/1/19,182,30-Jul,211,29
,,,,,,,,,2019,6,clay center,July,fallow,,90,57.9,7/1/19,182,5-Aug,217,35
,,,,,,,,,2019,7,clay center,July,fallow,,157,776.5,7/1/19,182,13-Aug,225,43
,,,,,,,,,2019,8,clay center,July,fallow,,102,239.55,7/1/19,182,30-Jul,211,29
,,,,,,,,,2019,9,clay center,July,fallow,,121,386.7,7/1/19,182,13-Aug,225,43
,,,,,,,,,2019,10,clay center,July,fallow,,80,801.76,7/1/19,182,30-Jul,211,29
,,,,,,,,,2019,11,clay center,July,fallow,,144,225.4,7/1/19,182,5-Aug,217,35
,,,,,,,,,2019,12,clay center,July,fallow,,,,,,,,
,,,,,,,,,2019,13,clay center,July,fallow,,151,196.4,7/1/19,182,13-Aug,225,43
,,,,,,,,,2019,14,clay center,July,fallow,,124,349,7/1/19,182,5-Aug,217,35
,,,,,,,,,2019,15,clay center,July,fallow,,108,350.75,7/1/19,182,5-Aug,217,35
,,,,,,,,,2019,16,clay center,July,fallow,,131.5,213.75,7/1/19,182,5-Aug,217,35
,,,,,,,,,2019,17,clay center,July,fallow,,86,152.35,7/1/19,182,27-Aug,239,57
,,,,,,,,,2019,18,clay center,July,fallow,,154,396.85,7/1/19,182,16-Aug,228,46
,,,,,,,,,2019,19,clay center,July,fallow,,151,361.05,7/1/19,182,16-Aug,228,46
,,,,,,,,,2019,20,clay center,July,fallow,,124,430.2,7/1/19,182,16-Aug,228,46
,,,,,,,,,2019,21,clay center,July,fallow,,90,136.8,7/1/19,182,30-Jul,211,29
,,,,,,,,,2019,22,clay center,July,fallow,,86,174.65,7/1/19,182,30-Jul,211,29
,,,,,,,,,2019,23,clay center,July,fallow,,126,291,7/1/19,182,30-Jul,211,29
,,,,,,,,,2019,24,clay center,July,fallow,,210,1165.5,7/1/19,182,27-Aug,239,57
,,,,,,,,,2019,1,clay center,June ,corn,,143.5,45.15,6/1/19,152,8-Aug,220,68
,,,,,,,,,2019,2,clay center,June ,corn,,29,4.5,6/1/19,152,27-Jun,178,26
,,,,,,,,,2019,3,clay center,June ,corn,,42,13.5,6/1/19,152,28-Jun,179,27
,,,,,,,,,2019,4,clay center,June ,corn,,15,4,6/1/19,152,19-Jun,170,18
,,,,,,,,,2019,5,clay center,June ,corn,,18,0.8,6/1/19,152,19-Jun,170,18
,,,,,,,,,2019,6,clay center,June ,corn,,13,0.3,6/1/19,152,27-Jun,178,26
,,,,,,,,,2019,7,clay center,June ,corn,,175,134.25,6/1/19,152,5-Aug,217,65
,,,,,,,,,2019,8,clay center,June ,corn,,144,77.15,6/1/19,152,27-Aug,239,87
,,,,,,,,,2019,9,clay center,June ,corn,,201,98.8,6/1/19,152,27-Aug,239,87
,,,,,,,,,2019,10,clay center,June ,corn,,111.5,41,6/1/19,152,5-Aug,217,65
,,,,,,,,,2019,11,clay center,June ,corn,,36.5,3.1,6/1/19,152,28-Jun,179,27
,,,,,,,,,2019,12,clay center,June ,corn,,133,30.3,6/1/19,152,27-Aug,239,87
,,,,,,,,,2019,13,clay center,June ,corn,,60,10.2,6/1/19,152,28-Jun,179,27
,,,,,,,,,2019,14,clay center,June ,corn,,165.5,40.2,6/1/19,152,15-Jul,196,44
,,,,,,,,,2019,15,clay center,June ,corn,,46,22.9,6/1/19,152,28-Jun,179,27
,,,,,,,,,2019,16,clay center,June ,corn,,187,62.75,6/1/19,152,27-Aug,239,87
,,,,,,,,,2019,17,clay center,June ,corn,,,,,,,,
,,,,,,,,,2019,18,clay center,June ,corn,,153,285.95,6/1/19,152,5-Aug,217,65
,,,,,,,,,2019,19,clay center,June ,corn,,102,89,6/1/19,152,27-Aug,239,87
,,,,,,,,,2019,20,clay center,June ,corn,,123.5,12.65,6/1/19,152,27-Aug,239,87
,,,,,,,,,2019,21,clay center,June ,corn,,115,51.62,6/1/19,152,5-Aug,217,65
,,,,,,,,,2019,22,clay center,June ,corn,,85.5,10.25,6/1/19,152,8-Jul,189,37
,,,,,,,,,2019,23,clay center,June ,corn,,32,18,6/1/19,152,19-Jun,170,18
,,,,,,,,,2019,24,clay center,June ,corn,,,,,,,,
,,,,,,,,,2019,1,clay center,July,corn,,32,0.7,7/1/19,182,27-Aug,239,57
,,,,,,,,,2019,2,clay center,July,corn,,34.5,0.35,7/1/19,182,16-Aug,228,46
,,,,,,,,,2019,3,clay center,July,corn,,,,,,,,
,,,,,,,,,2019,4,clay center,July,corn,,30,0.5,7/1/19,182,16-Aug,228,46
,,,,,,,,,2019,5,clay center,July,corn,,47,0.75,7/1/19,182,27-Aug,239,57
,,,,,,,,,2019,6,clay center,July,corn,,43.5,0.7,7/1/19,182,16-Aug,228,46
,,,,,,,,,2019,7,clay center,July,corn,,40,0.6,7/1/19,182,15-Aug,227,45
,,,,,,,,,2019,8,clay center,July,corn,,83,1.95,7/1/19,182,5-Aug,217,35
,,,,,,,,,2019,9,clay center,July,corn,,52,2.1,7/1/19,182,10-Sep,253,71
,,,,,,,,,2019,10,clay center,July,corn,,,,,,,,
,,,,,,,,,2019,11,clay center,July,corn,,24,0.1,7/1/19,182,3-Sep,246,64
,,,,,,,,,2019,12,clay center,July,corn,,36,0.9,7/1/19,182,3-Sep,246,64
,,,,,,,,,2019,13,clay center,July,corn,,55.5,2.95,7/1/19,182,27-Aug,239,57
,,,,,,,,,2019,14,clay center,July,corn,,38,1.85,7/1/19,182,10-Sep,253,71
,,,,,,,,,2019,15,clay center,July,corn,,21,0.15,7/1/19,182,15-Jul,196,14
,,,,,,,,,2019,16,clay center,July,corn,,49.5,1.05,7/1/19,182,27-Aug,239,57
,,,,,,,,,2019,17,clay center,July,corn,,50,1.05,7/1/19,182,27-Aug,239,57
,,,,,,,,,2019,18,clay center,July,corn,,40,0.7,7/1/19,182,16-Aug,228,46
,,,,,,,,,2019,19,clay center,July,corn,,58,1.45,7/1/19,182,27-Aug,239,57
,,,,,,,,,2019,20,clay center,July,corn,,49,0.75,7/1/19,182,5-Aug,217,35
,,,,,,,,,2019,21,clay center,July,corn,,48,1.5,7/1/19,182,3-Sep,246,64
,,,,,,,,,2019,22,clay center,July,corn,,41,0.55,7/1/19,182,27-Aug,239,57
,,,,,,,,,2019,23,clay center,July,corn,,35,0.3,7/1/19,182,27-Aug,239,57
,,,,,,,,,2019,24,clay center,July,corn,,54,1,7/1/19,182,3-Sep,246,64
,,,,,,,,,2019,1,clay center,June ,soybean,,76,66.35,6/1/19,152,12-Jul,193,41
,,,,,,,,,2019,2,clay center,June ,soybean,,68.5,102.4,6/1/19,152,12-Jul,193,41
,,,,,,,,,2019,3,clay center,June ,soybean,,32,6.5,6/1/19,152,24-Jun,175,23
,,,,,,,,,2019,4,clay center,June ,soybean,,32,22.5,6/1/19,152,3-Jul,184,32
,,,,,,,,,2019,5,clay center,June ,soybean,,37,14.8,6/1/19,152,24-Jun,175,23
,,,,,,,,,2019,6,clay center,June ,soybean,,35,14.25,6/1/19,152,24-Jun,175,23
,,,,,,,,,2019,7,clay center,June ,soybean,,113,283.5,6/1/19,152,30-Jul,211,59
,,,,,,,,,2019,8,clay center,June ,soybean,,62,15.8,6/1/19,152,28-Jun,179,27
,,,,,,,,,2019,9,clay center,June ,soybean,,100,168.5,6/1/19,152,30-Jul,211,59
,,,,,,,,,2019,10,clay center,June ,soybean,,142,224,6/1/19,152,30-Jul,211,59
,,,,,,,,,2019,11,clay center,June ,soybean,,108,192.05,6/1/19,152,5-Aug,217,65
,,,,,,,,,2019,12,clay center,June ,soybean,,122,126.4,6/1/19,152,30-Jul,211,59
,,,,,,,,,2019,13,clay center,June ,soybean,,154,442.05,6/1/19,152,30-Jul,211,59
,,,,,,,,,2019,14,clay center,June ,soybean,,152,312.65,6/1/19,152,30-Jul,211,59
,,,,,,,,,2019,15,clay center,June ,soybean,,134,464.5,6/1/19,152,30-Jul,211,59
,,,,,,,,,2019,16,clay center,June ,soybean,,76,76.6,6/1/19,152,8-Jul,189,37
,,,,,,,,,2019,17,clay center,June ,soybean,,128,358.45,6/1/19,152,30-Jul,211,59
,,,,,,,,,2019,18,clay center,June ,soybean,,28.5,6,6/1/19,152,24-Jun,175,23
,,,,,,,,,2019,19,clay center,June ,soybean,,133,594.7,6/1/19,152,30-Jul,211,59
,,,,,,,,,2019,20,clay center,June ,soybean,,44,20.1,6/1/19,152,28-Jun,179,27
,,,,,,,,,2019,21,clay center,June ,soybean,,159.5,168.15,6/1/19,152,5-Aug,217,65
,,,,,,,,,2019,22,clay center,June ,soybean,,,,,,,,
,,,,,,,,,2019,23,clay center,June ,soybean,,137.5,378.55,6/1/19,152,5-Aug,217,65
,,,,,,,,,2019,24,clay center,June ,soybean,,111,75.6,6/1/19,152,5-Aug,217,65
,,,,,,,,,2019,1,clay center,July,soybean,,,,,,,,
,,,,,,,,,2019,2,clay center,July,soybean,,45,1,7/1/19,182,25-Aug,237,55
,,,,,,,,,2019,3,clay center,July,soybean,,62,1.8,7/1/19,182,27-Aug,239,57
,,,,,,,,,2019,4,clay center,July,soybean,,40,0.8,7/1/19,182,27-Aug,239,57
,,,,,,,,,2019,5,clay center,July,soybean,,82,5.5,7/1/19,182,10-Sep,253,71
,,,,,,,,,2019,6,clay center,July,soybean,,,,,,,,
,,,,,,,,,2019,7,clay center,July,soybean,,98,28.85,7/1/19,182,5-Aug,217,35
,,,,,,,,,2019,8,clay center,July,soybean,,57,3.15,7/1/19,182,10-Sep,253,71
,,,,,,,,,2019,9,clay center,July,soybean,,59,2.55,7/1/19,182,3-Sep,246,64
,,,,,,,,,2019,10,clay center,July,soybean,,43.5,0.7,7/1/19,182,3-Sep,246,64
,,,,,,,,,2019,11,clay center,July,soybean,,44,0.45,7/1/19,182,3-Sep,246,64
,,,,,,,,,2019,12,clay center,July,soybean,,55,0.8,7/1/19,182,3-Sep,246,64
,,,,,,,,,2019,13,clay center,July,soybean,,21,0.3,7/1/19,182,3-Sep,246,64
,,,,,,,,,2019,14,clay center,July,soybean,,,,,,,,
,,,,,,,,,2019,15,clay center,July,soybean,,49,1.05,7/1/19,182,27-Aug,239,57
,,,,,,,,,2019,16,clay center,July,soybean,,70,2.9,7/1/19,182,3-Sep,246,64
,,,,,,,,,2019,17,clay center,July,soybean,,40,0.85,7/1/19,182,3-Sep,246,64
,,,,,,,,,2019,18,clay center,July,soybean,,37,0.4,7/1/19,182,3-Sep,246,64
,,,,,,,,,2019,19,clay center,July,soybean,,67.5,1.8,7/1/19,182,5-Aug,217,35
,,,,,,,,,2019,20,clay center,July,soybean,,88,3.65,7/1/19,182,27-Aug,239,57
,,,,,,,,,2019,21,clay center,July,soybean,,62,1.35,7/1/19,182,27-Aug,239,57
,,,,,,,,,2019,22,clay center,July,soybean,,,,,,,,
,,,,,,,,,2019,23,clay center,July,soybean,,58.8,0.25,7/1/19,182,23-Aug,235,53
,,,,,,,,,2019,24,clay center,July,soybean,,52,1.15,7/1/19,182,3-Sep,246,64
,,,,,,,,,2019,1,havelock,June ,fallow,f,157,251.7,6/1/19,152,2-Aug,214,62
,,,,,,,,,2019,2,havelock,June ,fallow,f,114,260.4,6/1/19,152,29-Jul,210,58
,,,,,,,,,2019,3,havelock,June ,fallow,f,61,19.3,6/1/19,152,11-Jul,192,40
,,,,,,,,,2019,4,havelock,June ,fallow,f,185,151.8,6/1/19,152,4-Aug,216,64
,,,,,,,,,2019,5,havelock,June ,fallow,f,119,93,6/1/19,152,18-Jul,199,47
,,,,,,,,,2019,6,havelock,June ,fallow,f,94,65.8,6/1/19,152,21-Jul,202,50
,,,,,,,,,2019,7,havelock,June ,fallow,f,89,51.7,6/1/19,152,21-Jul,202,50
,,,,,,,,,2019,8,havelock,June ,fallow,f,81,53.8,6/1/19,152,21-Jul,202,50
,,,,,,,,,2019,9,havelock,June ,fallow,f,102,121.2,6/1/19,152,18-Jul,199,47
,,,,,,,,,2019,10,havelock,June ,fallow,f,178,199.9,6/1/19,152,29-Jul,210,58
,,,,,,,,,2019,11,havelock,June ,fallow,f,122,84.7,6/1/19,152,18-Jul,199,47
,,,,,,,,,2019,12,havelock,June ,fallow,f,76,38.6,6/1/19,152,18-Jul,199,47
,,,,,,,,,2019,13,havelock,June ,fallow,f,119,90.4,6/1/19,152,18-Jul,199,47
,,,,,,,,,2019,14,havelock,June ,fallow,f,86,46,6/1/19,152,18-Jul,199,47
,,,,,,,,,2019,15,havelock,June ,fallow,m,61,17.5,6/1/19,152,29-Jul,210,58
,,,,,,,,,2019,16,havelock,June ,fallow,m,142,218.5,6/1/19,152,29-Jul,210,58
,,,,,,,,,2019,17,havelock,June ,fallow,m,76,100.3,6/1/19,152,21-Jul,202,50
,,,,,,,,,2019,18,havelock,June ,fallow,m,137,212.5,6/1/19,152,4-Aug,216,64
,,,,,,,,,2019,19,havelock,June ,fallow,m,109,76.2,6/1/19,152,18-Jul,199,47
,,,,,,,,,2019,20,havelock,June ,fallow,m,150,169.9,6/1/19,152,18-Jul,199,47
,,,,,,,,,2019,21,havelock,June ,fallow,m,46,34.8,6/1/19,152,11-Jul,192,40
,,,,,,,,,2019,22,havelock,June ,fallow,m,76,37.7,6/1/19,152,11-Jul,192,40
,,,,,,,,,2019,23,havelock,June ,fallow,m,107,128.8,6/1/19,152,18-Jul,199,47
,,,,,,,,,2019,24,havelock,June ,fallow,m,97,58.2,6/1/19,152,18-Jul,199,47
,,,,,,,,,2019,1,havelock,July,fallow,F,48,4.1,7/2/19,183,13-Sep,256,73
,,,,,,,,,2019,2,havelock,July,fallow,F,53,2.7,7/2/19,183,11-Sep,254,71
,,,,,,,,,2019,3,havelock,July,fallow,F,46,1.9,7/2/19,183,13-Sep,256,73
,,,,,,,,,2019,4,havelock,July,fallow,F,51,1.5,7/2/19,183,15-Sep,258,75
,,,,,,,,,2019,5,havelock,July,fallow,F,38,2,7/2/19,183,16-Sep,259,76
,,,,,,,,,2019,6,havelock,July,fallow,F,56,4,7/2/19,183,19-Sep,262,79
,,,,,,,,,2019,7,havelock,July,fallow,F,71,7,7/2/19,183,13-Sep,256,73
,,,,,,,,,2019,8,havelock,July,fallow,F,46,2.2,7/2/19,183,11-Sep,254,71
,,,,,,,,,2019,9,havelock,July,fallow,F,41,1.8,7/2/19,183,9-Sep,252,69
,,,,,,,,,2019,10,havelock,July,fallow,F,41,0.9,7/2/19,183,4-Aug,216,33
,,,,,,,,,2019,11,havelock,July,fallow,F,20,1.3,7/2/19,183,29-Jul,210,27
,,,,,,,,,2019,12,havelock,July,fallow,F,30,0.7,7/2/19,183,29-Jul,210,27
,,,,,,,,,2019,13,havelock,July,fallow,F,36,1.7,7/2/19,183,29-Jul,210,27
,,,,,,,,,2019,14,havelock,July,fallow,M,46,1.9,7/2/19,183,13-Sep,256,73
,,,,,,,,,2019,15,havelock,July,fallow,M,30,0.8,7/2/19,183,13-Sep,256,73
,,,,,,,,,2019,16,havelock,July,fallow,M,46,2.1,7/2/19,183,16-Sep,259,76
,,,,,,,,,2019,17,havelock,July,fallow,M,38,2.2,7/2/19,183,9-Sep,252,69
,,,,,,,,,2019,18,havelock,July,fallow,M,64,5.3,7/2/19,183,26-Sep,269,86
,,,,,,,,,2019,19,havelock,July,fallow,M,13,0.4,7/2/19,183,29-Jul,210,27
,,,,,,,,,2019,20,havelock,July,fallow,M,23,9.9,7/2/19,183,29-Jul,210,27
,,,,,,,,,2019,21,havelock,July,fallow,,,,,,,,
,,,,,,,,,2019,22,havelock,July,fallow,,,,,,,,
,,,,,,,,,2019,23,havelock,July,fallow,,,,,,,,
,,,,,,,,,2019,24,havelock,July,fallow,,,,,,,,
,,,,,,,,,2019,1,havelock,June ,corn,f,185,19.3,6/1/19,152,13-Sep,256,104
,,,,,,,,,2019,2,havelock,June ,corn,f,178,11.9,6/1/19,152,15-Sep,258,106
,,,,,,,,,2019,3,havelock,June ,corn,f,117,9.7,6/1/19,152,13-Sep,256,104
,,,,,,,,,2019,4,havelock,June ,corn,f,56,3.6,6/1/19,152,19-Sep,262,110
,,,,,,,,,2019,5,havelock,June ,corn,f,183,21,6/1/19,152,11-Sep,254,102
,,,,,,,,,2019,6,havelock,June ,corn,f,201,35.2,6/1/19,152,4-Aug,216,64
,,,,,,,,,2019,7,havelock,June ,corn,f,102,19.2,6/1/19,152,18-Jul,199,47
,,,,,,,,,2019,8,havelock,June ,corn,f,61,6.6,6/1/19,152,21-Jul,202,50
,,,,,,,,,2019,9,havelock,June ,corn,f,183,20,6/1/19,152,29-Jul,210,58
,,,,,,,,,2019,10,havelock,June ,corn,m,48,7.2,6/1/19,152,22-Sep,265,113
,,,,,,,,,2019,11,havelock,June ,corn,m,81,4.4,6/1/19,152,4-Aug,216,64
,,,,,,,,,2019,12,havelock,June ,corn,m,188,22.9,6/1/19,152,2-Aug,214,62
,,,,,,,,,2019,13,havelock,June ,corn,m,185,13,6/1/19,152,13-Sep,256,104
,,,,,,,,,2019,14,havelock,June ,corn,m,104,5.3,6/1/19,152,16-Sep,259,107
,,,,,,,,,2019,15,havelock,June ,corn,m,64,4.1,6/1/19,152,1-Aug,213,61
,,,,,,,,,2019,16,havelock,June ,corn,m,89,2.6,6/1/19,152,16-Sep,259,107
,,,,,,,,,2019,17,havelock,June ,corn,m,114,4.5,6/1/19,152,15-Sep,258,106
,,,,,,,,,2019,18,havelock,June ,corn,m,127,7.2,6/1/19,152,23-Sep,266,114
,,,,,,,,,2019,19,havelock,June ,corn,m,147,8.9,6/1/19,152,23-Sep,266,114
,,,,,,,,,2019,20,havelock,June ,corn,m,137,7.9,6/1/19,152,22-Sep,265,113
,,,,,,,,,2019,21,havelock,June ,corn,m,53,3.2,6/1/19,152,29-Jul,210,58
,,,,,,,,,2019,22,havelock,June ,corn,m,86,5.1,6/1/19,152,29-Jul,210,58
,,,,,,,,,2019,23,havelock,June ,corn,m,142,10.9,6/1/19,152,29-Jul,210,58
,,,,,,,,,2019,24,havelock,June ,corn,,,,,,,,
,,,,,,,,,2019,1,havelock,July,corn,f,58,0.5,7/2/19,183,26-Sep,269,86
,,,,,,,,,2019,2,havelock,July,corn,f,56,1,7/2/19,183,26-Sep,269,86
,,,,,,,,,2019,3,havelock,July,corn,f,25,0.5,7/2/19,183,19-Sep,262,79
,,,,,,,,,2019,4,havelock,July,corn,f,43,0.3,7/2/19,183,19-Sep,262,79
,,,,,,,,,2019,5,havelock,July,corn,f,46,1.1,7/2/19,183,19-Sep,262,79
,,,,,,,,,2019,6,havelock,July,corn,f,66,1.4,7/2/19,183,16-Sep,259,76
,,,,,,,,,2019,7,havelock,July,corn,f,94,4.7,7/2/19,183,13-Sep,256,73
,,,,,,,,,2019,8,havelock,July,corn,m,36,0.5,7/2/19,183,11-Sep,254,71
,,,,,,,,,2019,9,havelock,July,corn,m,41,0.6,7/2/19,183,11-Sep,254,71
,,,,,,,,,2019,10,havelock,July,corn,m,58,0.7,7/2/19,183,13-Sep,256,73
,,,,,,,,,2019,11,havelock,July,corn,m,48,0.7,7/2/19,183,13-Sep,256,73
,,,,,,,,,2019,12,havelock,July,corn,m,30,0.2,7/2/19,183,2-Aug,214,31
,,,,,,,,,2019,13,havelock,July,corn,m,53,0.9,7/2/19,183,19-Sep,262,79
,,,,,,,,,2019,14,havelock,July,corn,m,25,0.5,7/2/19,183,22-Sep,265,82
,,,,,,,,,2019,15,havelock,July,corn,m,25,0.8,7/2/19,183,9-Sep,252,69
,,,,,,,,,2019,16,havelock,July,corn,m,20,0.4,7/2/19,183,4-Aug,216,33
,,,,,,,,,2019,17,havelock,July,corn,m,46,0.5,7/2/19,183,23-Sep,266,83
,,,,,,,,,2019,18,havelock,July,corn,,,,,,,,
,,,,,,,,,2019,19,havelock,July,corn,,,,,,,,
,,,,,,,,,2019,20,havelock,July,corn,,,,,,,,
,,,,,,,,,2019,21,havelock,July,corn,,,,,,,,
,,,,,,,,,2019,22,havelock,July,corn,,,,,,,,
,,,,,,,,,2019,23,havelock,July,corn,,,,,,,,
,,,,,,,,,2019,24,havelock,July,corn,,,,,,,,
,,,,,,,,,2019,1,havelock,June ,soybean,F,130,26.9,6/1/19,152,4-Aug,216,64
,,,,,,,,,2019,2,havelock,June ,soybean,F,97,16.6,6/1/19,152,2-Aug,214,62
,,,,,,,,,2019,3,havelock,June ,soybean,F,104,11.3,6/1/19,152,4-Aug,216,64
,,,,,,,,,2019,4,havelock,June ,soybean,F,86,13.5,6/1/19,152,4-Aug,216,64
,,,,,,,,,2019,5,havelock,June ,soybean,F,107,19,6/1/19,152,1-Aug,213,61
,,,,,,,,,2019,6,havelock,June ,soybean,F,117,20.2,6/1/19,152,16-Sep,259,107
,,,,,,,,,2019,7,havelock,June ,soybean,F,91,33.7,6/1/19,152,29-Jul,210,58
,,,,,,,,,2019,8,havelock,June ,soybean,F,91,25.4,6/1/19,152,29-Jul,210,58
,,,,,,,,,2019,9,havelock,June ,soybean,F,89,8.8,6/1/19,152,29-Jul,210,58
,,,,,,,,,2019,10,havelock,June ,soybean,F,112,14.5,6/1/19,152,11-Sep,254,102
,,,,,,,,,2019,11,havelock,June ,soybean,F,97,16.6,6/1/19,152,18-Jul,199,47
,,,,,,,,,2019,12,havelock,June ,soybean,M,71,3.7,6/1/19,152,11-Jul,192,40
,,,,,,,,,2019,13,havelock,June ,soybean,M,107,27.8,6/1/19,152,11-Sep,254,102
,,,,,,,,,2019,14,havelock,June ,soybean,M,135,32.3,6/1/19,152,2-Aug,214,62
,,,,,,,,,2019,15,havelock,June ,soybean,M,99,24.2,6/1/19,152,29-Jul,210,58
,,,,,,,,,2019,16,havelock,June ,soybean,M,64,6.9,6/1/19,152,11-Jul,192,40
,,,,,,,,,2019,17,havelock,June ,soybean,M,86,5.9,6/1/19,152,9-Sep,252,100
,,,,,,,,,2019,18,havelock,June ,soybean,M,137,36.1,6/1/19,152,4-Aug,216,64
,,,,,,,,,2019,19,havelock,June ,soybean,M,91,8.4,6/1/19,152,21-Jul,202,50
,,,,,,,,,2019,20,havelock,June ,soybean,M,91,12.7,6/1/19,152,18-Jul,199,47
,,,,,,,,,2019,21,havelock,June ,soybean,M,79,9.5,6/1/19,152,18-Jul,199,47
,,,,,,,,,2019,22,havelock,June ,soybean,,,,,,,,
,,,,,,,,,2019,23,havelock,June ,soybean,,,,,,,,
,,,,,,,,,2019,24,havelock,June ,soybean,,,,,,,,
,,,,,,,,,2019,1,havelock,July,soybean,f,53,1,7/2/19,183,13-Sep,256,73
,,,,,,,,,2019,2,havelock,July,soybean,f,56,1.8,7/2/19,183,13-Sep,256,73
,,,,,,,,,2019,3,havelock,July,soybean,f,74,1.6,7/2/19,183,19-Sep,262,79
,,,,,,,,,2019,4,havelock,July,soybean,f,53,1.1,7/2/19,183,19-Sep,262,79
,,,,,,,,,2019,5,havelock,July,soybean,f,51,1.1,7/2/19,183,23-Sep,266,83
,,,,,,,,,2019,6,havelock,July,soybean,f,69,2.3,7/2/19,183,26-Sep,269,86
,,,,,,,,,2019,7,havelock,July,soybean,m,58,1.9,7/2/19,183,1-Aug,213,30
,,,,,,,,,2019,8,havelock,July,soybean,m,48,0.7,7/2/19,183,1-Aug,213,30
,,,,,,,,,2019,9,havelock,July,soybean,m,76,2.9,7/2/19,183,11-Sep,254,71
,,,,,,,,,2019,10,havelock,July,soybean,m,86,2.7,7/2/19,183,11-Sep,254,71
,,,,,,,,,2019,11,havelock,July,soybean,m,41,0.4,7/2/19,183,13-Sep,256,73
,,,,,,,,,2019,12,havelock,July,soybean,m,84,3.2,7/2/19,183,19-Sep,262,79
,,,,,,,,,2019,13,havelock,July,soybean,m,51,1.5,7/2/19,183,4-Aug,216,33
,,,,,,,,,2019,14,havelock,July,soybean,m,53,1.2,7/2/19,183,4-Aug,216,33
,,,,,,,,,2019,15,havelock,July,soybean,m,41,0.5,7/2/19,183,23-Sep,266,83
,,,,,,,,,2019,16,havelock,July,soybean,m,41,0.6,7/2/19,183,22-Sep,265,82
,,,,,,,,,2019,17,havelock,July,soybean,m,58,2.1,7/2/19,183,26-Sep,269,86
,,,,,,,,,2019,18,havelock,July,soybean,,,,,,,,
,,,,,,,,,2019,19,havelock,July,soybean,,,,,,,,
,,,,,,,,,2019,20,havelock,July,soybean,,,,,,,,
,,,,,,,,,2019,21,havelock,July,soybean,,,,,,,,
,,,,,,,,,2019,22,havelock,July,soybean,,,,,,,,
,,,,,,,,,2019,23,havelock,July,soybean,,,,,,,,
,,,,,,,,,2019,24,havelock,July,soybean,,,,,,,,
,,,,,,,,,2019,1,macomb,June ,fallow,f,71,103.2,6/1/19,152,2-Aug,214,62
,,,,,,,,,2019,2,macomb,June ,fallow,m,58,76.5,6/1/19,152,2-Aug,214,62
,,,,,,,,,2019,3,macomb,June ,fallow,f,77,51.6,6/1/19,152,29-Jul,210,58
,,,,,,,,,2019,4,macomb,June ,fallow,f,74,35,6/1/19,152,31-Jul,212,60
,,,,,,,,,2019,5,macomb,June ,fallow,m,41,29.6,6/1/19,152,27-Jul,208,56
,,,,,,,,,2019,6,macomb,June ,fallow,m,93,60.3,6/1/19,152,12-Aug,224,72
,,,,,,,,,2019,7,macomb,June ,fallow,m,47,6.7,6/1/19,152,12-Aug,224,72
,,,,,,,,,2019,8,macomb,June ,fallow,f,35.5,63.4,6/1/19,152,5-Aug,217,65
,,,,,,,,,2019,9,macomb,June ,fallow,m,28,1.4,6/1/19,152,10-Jul,191,39
,,,,,,,,,2019,10,macomb,June ,fallow,m,40,3.1,6/1/19,152,28-Jun,179,27
,,,,,,,,,2019,11,macomb,June ,fallow,m,14,1,6/1/19,152,1-Jul,182,30
,,,,,,,,,2019,12,macomb,June ,fallow,f,43,4.6,6/1/19,152,10-Jul,191,39
,,,,,,,,,2019,13,macomb,June ,fallow,m,47,10.1,6/1/19,152,8-Jul,189,37
,,,,,,,,,2019,14,macomb,June ,fallow,f,81,56.7,6/1/19,152,5-Aug,217,65
,,,,,,,,,2019,15,macomb,June ,fallow,f,86,71.3,6/1/19,152,5-Aug,217,65
,,,,,,,,,2019,16,macomb,June ,fallow,m,51,3.7,6/1/19,152,1-Jul,182,30
,,,,,,,,,2019,17,macomb,June ,fallow,m,56,31.8,6/1/19,152,29-Jul,210,58
,,,,,,,,,2019,18,macomb,June ,fallow,m,60,10.9,6/1/19,152,12-Jul,193,41
,,,,,,,,,2019,19,macomb,June ,fallow,f,31.5,34,6/1/19,152,5-Aug,217,65
,,,,,,,,,2019,20,macomb,June ,fallow,f,56,26.8,6/1/19,152,29-Jul,210,58
,,,,,,,,,2019,21,macomb,June ,fallow,m,56,7.3,6/1/19,152,1-Jul,182,30
,,,,,,,,,2019,22,macomb,June ,fallow,f,47,9.4,6/1/19,152,8-Jul,189,37
,,,,,,,,,2019,23,macomb,June ,fallow,m,16.5,0.6,6/1/19,152,5-Jul,186,34
,,,,,,,,,2019,24,macomb,June ,fallow,f,48.5,5.2,6/1/19,152,5-Jul,186,34
,,,,,,,,,2019,1,macomb,July,fallow,f,97,27.3,7/2/19,183,20-Aug,232,49
,,,,,,,,,2019,2,macomb,July,fallow,f,54,13.6,7/2/19,183,12-Aug,224,41
,,,,,,,,,2019,3,macomb,July,fallow,m,81,28.8,7/2/19,183,12-Aug,224,41
,,,,,,,,,2019,4,macomb,July,fallow,f,61,13.3,7/2/19,183,5-Aug,217,34
,,,,,,,,,2019,5,macomb,July,fallow,f,126,43.3,7/2/19,183,16-Aug,228,45
,,,,,,,,,2019,6,macomb,July,fallow,m,28,3.5,7/2/19,183,29-Jul,210,27
,,,,,,,,,2019,7,macomb,July,fallow,m,70,8,7/2/19,183,9-Aug,221,38
,,,,,,,,,2019,8,macomb,July,fallow,f,35,2.9,7/2/19,183,5-Aug,217,34
,,,,,,,,,2019,9,macomb,July,fallow,f,41,8.9,7/2/19,183,2-Aug,214,31
,,,,,,,,,2019,10,macomb,July,fallow,f,69,19,7/2/19,183,2-Aug,214,31
,,,,,,,,,2019,11,macomb,July,fallow,f,39,8.1,7/2/19,183,31-Jul,212,29
,,,,,,,,,2019,12,macomb,July,fallow,m,59,6.6,7/2/19,183,9-Aug,221,38
,,,,,,,,,2019,13,macomb,July,fallow,m,115,106.4,7/2/19,183,12-Aug,224,41
,,,,,,,,,2019,14,macomb,July,fallow,f,43,7.5,7/2/19,183,31-Jul,212,29
,,,,,,,,,2019,15,macomb,July,fallow,m,52,6.8,7/2/19,183,12-Aug,224,41
,,,,,,,,,2019,16,macomb,July,fallow,f,46,11.9,7/2/19,183,31-Jul,212,29
,,,,,,,,,2019,17,macomb,July,fallow,m,88,224.3,7/2/19,183,16-Aug,228,45
,,,,,,,,,2019,18,macomb,July,fallow,m,51,6.6,7/2/19,183,5-Aug,217,34
,,,,,,,,,2019,19,macomb,July,fallow,m,79,19.7,7/2/19,183,5-Aug,217,34
,,,,,,,,,2019,20,macomb,July,fallow,f,58,14.7,7/2/19,183,2-Aug,214,31
,,,,,,,,,2019,21,macomb,July,fallow,f,66,36.7,7/2/19,183,16-Aug,228,45
,,,,,,,,,2019,22,macomb,July,fallow,m,71,13,7/2/19,183,9-Aug,221,38
,,,,,,,,,2019,23,macomb,July,fallow,f,85,20,7/2/19,183,12-Aug,224,41
,,,,,,,,,2019,24,macomb,July,fallow,f,71,16.3,7/2/19,183,12-Aug,224,41
,,,,,,,,,2019,1,macomb,June ,corn,m,71,28.4,6/1/19,152,3-Jul,184,32
,,,,,,,,,2019,2,macomb,June ,corn,m,112,89.1,6/1/19,152,16-Aug,228,76
,,,,,,,,,2019,3,macomb,June ,corn,m,39,14.6,6/1/19,152,28-Jun,179,27
,,,,,,,,,2019,4,macomb,June ,corn,m,130,116.64,6/1/19,152,18-Jul,199,47
,,,,,,,,,2019,5,macomb,June ,corn,f,129,124.1,6/1/19,152,27-Jul,208,56
,,,,,,,,,2019,6,macomb,June ,corn,f,176,184.6,6/1/19,152,16-Aug,228,76
,,,,,,,,,2019,7,macomb,June ,corn,m,140,97.4,6/1/19,152,10-Jul,191,39
,,,,,,,,,2019,8,macomb,June ,corn,m,183,180.7,6/1/19,152,22-Jul,203,51
,,,,,,,,,2019,9,macomb,June ,corn,f,135,99.7,6/1/19,152,12-Aug,224,72
,,,,,,,,,2019,10,macomb,June ,corn,f,106,86.6,6/1/19,152,10-Jul,191,39
,,,,,,,,,2019,11,macomb,June ,corn,m,190,121.9,6/1/19,152,30-Aug,242,90
,,,,,,,,,2019,12,macomb,June ,corn,f,90,30.4,6/1/19,152,26-Aug,238,86
,,,,,,,,,2019,13,macomb,June ,corn,m,94,46.5,6/1/19,152,31-Jul,212,60
,,,,,,,,,2019,14,macomb,June ,corn,f,136,71.2,6/1/19,152,12-Aug,224,72
,,,,,,,,,2019,15,macomb,June ,corn,f,105,50,6/1/19,152,12-Aug,224,72
,,,,,,,,,2019,16,macomb,June ,corn,m,113,91.3,6/1/19,152,3-Jul,184,32
,,,,,,,,,2019,17,macomb,June ,corn,m,145,98.1,6/1/19,152,22-Jul,203,51
,,,,,,,,,2019,18,macomb,June ,corn,m,98,30.6,6/1/19,152,10-Jul,191,39
,,,,,,,,,2019,19,macomb,June ,corn,m,73,15,6/1/19,152,20-Aug,232,80
,,,,,,,,,2019,20,macomb,June ,corn,f,113,41.9,6/1/19,152,26-Aug,238,86
,,,,,,,,,2019,21,macomb,June ,corn,f,132,107.2,6/1/19,152,10-Jul,191,39
,,,,,,,,,2019,22,macomb,June ,corn,m,79,28.1,6/1/19,152,10-Jul,191,39
,,,,,,,,,2019,23,macomb,June ,corn,f,170,88.4,6/1/19,152,9-Aug,221,69
,,,,,,,,,2019,24,macomb,June ,corn,m,92,47.3,6/1/19,152,24-Jul,205,53
,,,,,,,,,2019,1,macomb,July,corn,m,75,11.5,7/2/19,183,26-Aug,238,55
,,,,,,,,,2019,2,macomb,July,corn,f,35,0.9,7/2/19,183,9-Aug,221,38
,,,,,,,,,2019,3,macomb,July,corn,f,52,1.3,7/2/19,183,9-Aug,221,38
,,,,,,,,,2019,4,macomb,July,corn,f,82,3,7/2/19,183,16-Aug,228,45
,,,,,,,,,2019,5,macomb,July,corn,f,34,0.6,7/2/19,183,30-Aug,242,59
,,,,,,,,,2019,6,macomb,July,corn,f,67,2.2,7/2/19,183,20-Aug,232,49
,,,,,,,,,2019,7,macomb,July,corn,f,79,2.9,7/2/19,183,26-Aug,238,55
,,,,,,,,,2019,8,macomb,July,corn,f,71,2.3,7/2/19,183,9-Aug,221,38
,,,,,,,,,2019,9,macomb,July,corn,m,79,1.9,7/2/19,183,26-Aug,238,55
,,,,,,,,,2019,10,macomb,July,corn,m,76,2.6,7/2/19,183,12-Aug,224,41
,,,,,,,,,2019,11,macomb,July,corn,f,55,,7/2/19,183,20-Aug,232,49
,,,,,,,,,2019,12,macomb,July,corn,f,55,1.2,7/2/19,183,20-Aug,232,49
,,,,,,,,,2019,13,macomb,July,corn,m,47,1.4,7/2/19,183,22-Aug,234,51
,,,,,,,,,2019,14,macomb,July,corn,f,48,2.3,7/2/19,183,26-Aug,238,55
,,,,,,,,,2019,15,macomb,July,corn,f,76,3.9,7/2/19,183,26-Aug,238,55
,,,,,,,,,2019,16,macomb,July,corn,f,37,1.7,7/2/19,183,26-Aug,238,55
,,,,,,,,,2019,17,macomb,July,corn,f,25,0.8,7/2/19,183,20-Aug,232,49
,,,,,,,,,2019,18,macomb,July,corn,m,68,2,7/2/19,183,26-Aug,238,55
,,,,,,,,,2019,19,macomb,July,corn,f,49,0.8,7/2/19,183,30-Aug,242,59
,,,,,,,,,2019,20,macomb,July,corn,f,74,2.1,7/2/19,183,30-Aug,242,59
,,,,,,,,,2019,21,macomb,July,corn,f,42,1.4,7/2/19,183,9-Aug,221,38
,,,,,,,,,2019,22,macomb,July,corn,m,40,0.6,7/2/19,183,20-Aug,232,49
,,,,,,,,,2019,23,macomb,July,corn,f,42,0.8,7/2/19,183,12-Aug,224,41
,,,,,,,,,2019,24,macomb,July,corn,,,,7/2/19,183,,0,-183
,,,,,,,,,2019,1,macomb,June ,soybean,f,48,6.3,6/1/19,152,8-Jul,189,37
,,,,,,,,,2019,2,macomb,June ,soybean,f,112,55.7,6/1/19,152,12-Aug,224,72
,,,,,,,,,2019,3,macomb,June ,soybean,m,39,3,6/1/19,152,26-Jun,177,25
,,,,,,,,,2019,4,macomb,June ,soybean,m,61,10.9,6/1/19,152,15-Jul,196,44
,,,,,,,,,2019,5,macomb,June ,soybean,f,64,14,6/1/19,152,12-Aug,224,72
,,,,,,,,,2019,6,macomb,June ,soybean,f,107,43.3,6/1/19,152,20-Aug,232,80
,,,,,,,,,2019,7,macomb,June ,soybean,m,69,10.7,6/1/19,152,1-Jul,182,30
,,,,,,,,,2019,8,macomb,June ,soybean,m,44,5,6/1/19,152,26-Jun,177,25
,,,,,,,,,2019,9,macomb,June ,soybean,f,80,12.9,6/1/19,152,18-Jul,199,47
,,,,,,,,,2019,10,macomb,June ,soybean,m,62,5.9,6/1/19,152,1-Jul,182,30
,,,,,,,,,2019,11,macomb,June ,soybean,f,63,9.6,6/1/19,152,5-Jul,186,34
,,,,,,,,,2019,12,macomb,June ,soybean,f,38,9.6,6/1/19,152,10-Jul,191,39
,,,,,,,,,2019,13,macomb,June ,soybean,f,80,27.5,6/1/19,152,18-Jul,199,47
,,,,,,,,,2019,14,macomb,June ,soybean,m,53,6.8,6/1/19,152,5-Jul,186,34
,,,,,,,,,2019,15,macomb,June ,soybean,f,38,8.2,6/1/19,152,3-Sep,246,94
,,,,,,,,,2019,16,macomb,June ,soybean,f,51,8.2,6/1/19,152,10-Jul,191,39
,,,,,,,,,2019,17,macomb,June ,soybean,f,67,7.4,6/1/19,152,27-Jul,208,56
,,,,,,,,,2019,18,macomb,June ,soybean,f,48,5.7,6/1/19,152,10-Jul,191,39
,,,,,,,,,2019,19,macomb,June ,soybean,m,41,4.7,6/1/19,152,26-Jun,177,25
,,,,,,,,,2019,20,macomb,June ,soybean,m,63,14.1,6/1/19,152,22-Jul,203,51
,,,,,,,,,2019,21,macomb,June ,soybean,m,53.5,14.2,6/1/19,152,16-Aug,228,76
,,,,,,,,,2019,22,macomb,June ,soybean,m,81,24.5,6/1/19,152,16-Aug,228,76
,,,,,,,,,2019,23,macomb,June ,soybean,m,48,8.1,6/1/19,152,3-Jul,184,32
,,,,,,,,,2019,24,macomb,June ,soybean,m,36,3.4,6/1/19,152,8-Jul,189,37
,,,,,,,,,2019,1,macomb,July,soybean,f,30,0.5,7/2/19,183,12-Aug,224,41
,,,,,,,,,2019,2,macomb,July,soybean,m,28.5,0.3,7/2/19,183,16-Aug,228,45
,,,,,,,,,2019,3,macomb,July,soybean,m,52,1.6,7/2/19,183,12-Aug,224,41
,,,,,,,,,2019,4,macomb,July,soybean,f,23.5,0.5,7/2/19,183,26-Aug,238,55
,,,,,,,,,2019,5,macomb,July,soybean,f,33,0.4,7/2/19,183,12-Aug,224,41
,,,,,,,,,2019,6,macomb,July,soybean,m,45.5,0.8,7/2/19,183,12-Aug,224,41
,,,,,,,,,2019,7,macomb,July,soybean,m,58,1.1,7/2/19,183,12-Aug,224,41
,,,,,,,,,2019,8,macomb,July,soybean,m,90,3.5,7/2/19,183,26-Aug,238,55
,,,,,,,,,2019,9,macomb,July,soybean,m,108,11.1,7/2/19,183,26-Aug,238,55
,,,,,,,,,2019,10,macomb,July,soybean,m,97,5.4,7/2/19,183,22-Aug,234,51
,,,,,,,,,2019,11,macomb,July,soybean,f,70,8.7,7/2/19,183,9-Aug,221,38
,,,,,,,,,2019,12,macomb,July,soybean,f,91,7.1,7/2/19,183,20-Aug,232,49
,,,,,,,,,2019,13,macomb,July,soybean,m,82,6,7/2/19,183,16-Aug,228,45
,,,,,,,,,2019,14,macomb,July,soybean,f,92,13.3,7/2/19,183,20-Aug,232,49
,,,,,,,,,2019,15,macomb,July,soybean,f,95,9.1,7/2/19,183,26-Aug,238,55
,,,,,,,,,2019,16,macomb,July,soybean,f,73,4,7/2/19,183,20-Aug,232,49
,,,,,,,,,2019,17,macomb,July,soybean,m,83,3.1,7/2/19,183,12-Aug,224,41
,,,,,,,,,2019,18,macomb,July,soybean,m,38,0.8,7/2/19,183,29-Jul,210,27
,,,,,,,,,2019,19,macomb,July,soybean,f,74,3.9,7/2/19,183,16-Aug,228,45
,,,,,,,,,2019,20,macomb,July,soybean,m,71,3.5,7/2/19,183,16-Aug,228,45
,,,,,,,,,2019,21,macomb,July,soybean,m,49,1,7/2/19,183,26-Aug,238,55
,,,,,,,,,2019,22,macomb,July,soybean,f,20.5,4.3,7/2/19,183,5-Aug,217,34
,,,,,,,,,2019,23,macomb,July,soybean,m,32,1,7/2/19,183,27-Jul,208,25
,,,,,,,,,2019,24,macomb,July,soybean,m,31,0.8,7/2/19,183,24-Jul,205,22